IsSender,StrContent,StrTime,keywords,emoji
0,Je suis Françoise🦋 de «南锡福尔摩斯🕵🏻»,2024-10-05 15:54:02,"Je, suis, Fran, oise, de, 南锡, 福尔摩斯",
0,你已添加了Françoise🦋，现在可以开始聊天了。,2024-10-05 15:54:07,"添加, Fran, oise, 聊天",
0,范艺佳,2024-10-05 15:54:21,范艺佳,
1,卢玥彤,2024-10-05 15:57:42,"卢玥, 彤",
0,Hihi,2024-10-06 13:38:15,Hihi,
0,我想问你一些关于矿业的问题可以吗,2024-10-06 13:38:35,"矿业, 问题",
0,你申的时候找中介了吗,2024-10-06 13:41:16,"申, 找, 中介",
1,找了,2024-10-06 13:41:36,找,
0,哪家呀,2024-10-06 13:41:56,哪家,
0,你学了多久法语呀,2024-10-06 13:42:07,"你学, 多久, 法语",
0,你们有学费吗,2024-10-06 13:42:28,学费,
0,感恩,2024-10-06 13:43:08,感恩,
1,学了一年多吧，在法盟上完a2,2024-10-06 13:43:35,"学了, 一年, 法盟, a2",
1,然后去考了个tef b1，就开始申了,2024-10-06 13:43:54,"考, tef, b1, 申了",
1,学费3800欧左右一年,2024-10-06 13:44:10,"学费, 欧, 左右, 一年",
0,公立大学不是没学费吗,2024-10-06 13:44:39,"公立, 大学, 学费",
1,工程师是ge，都有学费,2024-10-06 13:45:08,"工程师, ge, 学费",
1,法国人也要交2000多学费,2024-10-06 13:45:20,"法国人, 交, 学费",
1,[旺柴]我们比他们多交1000欧每年,2024-10-06 13:45:40,"多交, 欧, 每年",[旺柴]
0,你是今年刚来吗,2024-10-06 13:46:24,刚来,
1,7月份来的,2024-10-06 13:46:40,月份,
0,你下周有时间吗,2024-10-06 13:46:41,"下周, 时间",
0,一起吃个饭吗,2024-10-06 13:48:58,"一起, 吃个, 饭",
0,这是我课表,2024-10-06 13:49:53,课表,
0,我家,2024-10-06 13:49:59,我家,
0,我做饭,2024-10-06 13:50:02,做饭,
0,你想吃什么,2024-10-06 13:50:06,吃,
1,这么隆重[发呆],2024-10-06 13:50:28,隆重,[发呆]
0,隆重吗,2024-10-06 13:50:44,隆重,
1,你做饭相当于请我吃饭了[捂脸],2024-10-06 13:51:06,"做饭, 相当于, 请, 吃",[捂脸]
0,哎呀，我厨艺也一般般,2024-10-06 13:51:49,"厨艺, 一般般",
1,[旺柴]留子厨艺都很好,2024-10-06 13:52:20,"留子, 厨艺",[旺柴]
0,那吃完你洗碗,2024-10-06 13:52:27,"吃, 洗碗",
0,扯平了,2024-10-06 13:52:30,扯平,
1,好好好,2024-10-06 13:52:31,好好,
0,哈哈哈哈,2024-10-06 13:52:37,哈哈哈哈,
1,你擅长做什么我吃什么,2024-10-06 13:52:43,"擅长, 吃",
0,周二晚上或者周三晚上吧,2024-10-06 13:53:20,"周二, 周三",
0,看你哪天方便,2024-10-06 13:53:28,方便,
1,我都行，周三晚上吧,2024-10-06 13:53:53,"都行, 周三",
0, 周三晚上8点下课,2024-10-06 13:54:43,"周三, 下课",
0,我那个课表写的是开始时间,2024-10-06 13:54:56,"课表, 时间",
0,周二是7点下课,2024-10-06 13:55:13,"周二, 下课",
1,好晚啊，要不周五晚上或者周末？,2024-10-06 13:57:31,"好晚, 周五, 周末",
0,或者挑一天中午吃crous？,2024-10-06 13:58:58,"挑, 吃, crous",
0,我基本都一点下课,2024-10-06 13:59:09,"基本, 下课",
0,或者下周六周天？,2024-10-06 13:59:53,"周六, 周天",
1,周末吧，我下午一般一点半上课[捂脸],2024-10-06 14:00:21,"周末, 一点半, 上课",[捂脸]
0,"""范艺佳"" 撤回了一条消息",2024-10-06 14:00:31,"范艺佳, 撤回",
0,笑死,2024-10-06 14:00:39,笑死,
0,难怪从来没看到过你,2024-10-06 14:00:49,"难怪, 从来",
1,一点下课吃午餐，这是专门和我们错峰吗,2024-10-06 14:01:13,"下课, 吃, 午餐, 专门, 错峰",
1,我们一般在11:45-12:15之间,2024-10-06 14:01:35,之间,
0,你是毕业以后学的法语吗？还是大四一边毕业一边学的呀,2024-10-06 17:58:51,"毕业, 学, 法语, 大四, 毕业, 学",
1,大三时候学，大四申请,2024-10-06 18:37:36,"大三, 学, 大四, 申请",
1,你在替谁问[旺柴],2024-10-06 18:37:44,,[旺柴]
0,我的双胞胎姐姐,2024-10-06 19:33:05,"双胞胎, 姐姐",
0,她本来学土木的，现在不是考研吗，她跨考计算机,2024-10-06 19:33:40,"学, 土木, 考研, 跨考, 计算机",
1,你居然是双胞胎,2024-10-06 19:34:05,"居然, 双胞胎",
1,你俩一模一样吗,2024-10-06 19:34:11,一模一样,
0,不然我昨天在恐怖什么,2024-10-06 19:34:18,恐怖,
1,[捂脸][捂脸],2024-10-06 19:34:27,,"[捂脸], [捂脸]"
0,没有，不太一样,2024-10-06 19:34:28,不太,
0,昨天晚上没睡着,2024-10-06 19:34:38,"昨天晚上, 睡着",
0,太害怕了,2024-10-06 19:34:40,害怕,
1,这么恐怖,2024-10-06 19:35:05,恐怖,
0,我胆子比较小,2024-10-06 19:35:11,"胆子, 比较",
1,我走回去的时候路上没有人，总会回头看看哈哈,2024-10-06 19:35:27,"回去, 路上, 总会, 回头, 看看",
0,开灯都不敢睡,2024-10-06 19:35:40,"开灯, 不敢, 睡",
0,希望今天晚上好一点,2024-10-06 19:35:49,希望,
1,一回来就好了，crous安全感满满，半夜隔壁楼还在庆祝生日,2024-10-06 19:35:55,"回来, crous, 安全感, 满满, 半夜, 隔壁, 楼, 庆祝, 生日",
0,可恶,2024-10-06 19:36:01,可恶,
0,你们学校课多吗,2024-10-06 19:36:07,"学校, 课多",
1,课多的,2024-10-06 19:36:16,课多,
0,是不是很难,2024-10-06 19:36:29,"是不是, 很难",
1,还好，主要是一门课内容多,2024-10-06 19:36:30,"还好, 一门, 课",
1,难到爆了,2024-10-06 19:36:36,"难到, 爆",
0,哈哈哈哈哈哈哈,2024-10-06 19:36:41,"哈哈哈哈, 哈哈哈",
0,那你很强,2024-10-06 19:36:45,强,
0,加油加油[加油][加油],2024-10-06 19:36:54,"加油, 加油","[加油], [加油]"
1,我还没考试呢[叹气],2024-10-06 19:37:03,考试,[叹气]
0,肯定没问题的,2024-10-06 19:37:12,"肯定, 问题",
0,她不让你过她有什么好处吗,2024-10-06 19:37:21,"不让, 好处",
0,我们只是平平无奇的歪果仁而已,2024-10-06 19:37:34,"平平, 无奇, 歪, 果仁",
1,考研不是还没开始吗,2024-10-06 19:37:57,考研,
0,12月就考了,2024-10-06 19:38:10,考,
0,"""范艺佳"" 撤回了一条消息",2024-10-06 19:38:18,"范艺佳, 撤回",
1,还没开始考[旺柴],2024-10-06 19:38:56,考,[旺柴]
0,哈哈哈哈,2024-10-06 19:39:01,哈哈哈哈,
0,工程师好找工作呀,2024-10-06 19:39:07,"工程师, 好找, 工作",
0,我找实习天天翻各种招聘软件，就属工程师吃香了,2024-10-06 19:39:41,"找, 实习, 翻, 招聘, 软件, 属, 工程师, 吃香",
1,考研计算机挺难的，能过线就能上学,2024-10-06 19:41:04,"考研, 计算机, 挺难, 过线, 上学",
0,希望🙏🏻🙏🏻🙏🏻,2024-10-06 19:41:59,希望,
0,谢谢你,2024-10-06 19:42:00,谢谢,
1,在你背后,2024-10-08 17:01:23,背后,
0,怪吓人的,2024-10-08 17:22:53,"怪, 吓人",
1,学习太认真了,2024-10-08 17:24:50,"学习, 认真",
1,不看手机,2024-10-08 17:24:56,"不看, 手机",
0,哈哈哈哈,2024-10-08 18:06:16,哈哈哈哈,
0,其实学的时候真的想一拳把电脑打穿,2024-10-08 18:07:10,"其实, 学, 真的, 一拳, 电脑, 穿",
0,你晚上吃啥,2024-10-08 18:07:43,吃,
1,回去做饭吃,2024-10-08 18:22:56,"回去, 做饭吃",
1,冰箱里的鱼快过期了,2024-10-08 18:23:04,"冰箱, 鱼, 快, 过期",
0,好好好,2024-10-08 18:24:36,好好,
0,别吃坏肚子了,2024-10-08 18:24:51,"别吃坏, 肚子",
1,应该没事,2024-10-08 18:29:09,没事,
1,你吃啥,2024-10-08 18:29:21,吃,
0,意面,2024-10-08 18:31:14,"意, 面",
0,我昨天炒了意面酱,2024-10-08 18:31:28,"炒, 意, 面酱",
1,番茄吗,2024-10-08 18:34:47,番茄,
0,彩椒牛肉碎,2024-10-08 18:35:07,"彩椒, 牛肉, 碎",
1,我一般吃超市现成的,2024-10-08 18:35:13,"吃, 超市, 现成",
0,没加番茄,2024-10-08 18:35:14,"没加, 番茄",
0,超市现成的很难吃耶,2024-10-08 18:35:27,"超市, 现成, 难吃, 耶",
1,而且很容易坏,2024-10-08 18:35:48,"容易, 坏",
0,他老加罗勒叶,2024-10-08 18:35:51,"老加, 罗勒, 叶",
0,很骚,2024-10-08 18:35:55,很骚,
0,不喜欢,2024-10-08 18:36:00,喜欢,
0,很好吃的好吧,2024-10-08 18:36:24,好吃,
1,有多好吃,2024-10-08 18:37:03,好吃,
1,你描述一下[破涕为笑],2024-10-08 18:37:11,描述,[破涕为笑]
0,你吃了没,2024-10-08 18:37:17,吃,
0,没吃坚持20分钟和我回去吃,2024-10-08 18:37:31,"吃, 坚持, 分钟, 回去, 吃",
1,我快走回家了,2024-10-08 18:37:49,"快, 回家",
0,怎么荒郊野岭的感觉,2024-10-08 18:38:21,"荒郊, 野岭",
1,这边就是村,2024-10-08 18:40:53,村,
1,villers les nancy,2024-10-08 18:41:17,"villers, les, nancy",
1,已经不算nancy市了,2024-10-08 18:41:25,"不算, nancy, 市",
0,哈哈哈哈哈,2024-10-08 18:43:02,哈哈哈,
0,注意安全,2024-10-08 18:43:07,注意安全,
0,你哪里买的鱼,2024-10-08 18:47:05,"买, 鱼",
1,没事这边都挺安全的,2024-10-08 18:47:11,"没事, 安全",
1,在match买的,2024-10-08 18:47:17,"match, 买",
0,巴沙？,2024-10-08 18:47:28,巴沙,
1,应该是黑鱼吧,2024-10-08 18:47:48,黑鱼,
0,居然有黑鱼,2024-10-08 18:47:59,"居然, 黑鱼",
1,match海鲜挺多的，学生卡还打九折,2024-10-08 18:48:01,"match, 海鲜, 学生, 卡, 九折",
0,我也想吃,2024-10-08 18:48:17,吃,
0,长什么样子,2024-10-08 18:48:33,"长, 样子",
0,bon appétit!,2024-10-08 18:50:01,"bon, app, tit",
1,我还买过大鱿鱼腿，但是回去缩水很严重[捂脸],2024-10-08 18:50:16,"买, 鱿鱼, 腿, 回去, 缩水, 严重",[捂脸]
0,生命体征维持餐,2024-10-08 19:34:13,"生命, 体征, 维持, 餐",
1,蟹棒老演员了[捂脸],2024-10-08 19:43:39,"蟹, 棒, 演员",[捂脸]
1,我冰箱里一堆,2024-10-08 19:43:45,"冰箱, 一堆",
0,哈哈哈哈哈,2024-10-08 19:54:26,哈哈哈,
0,你天天都这个点下课呀,2024-10-09 16:38:08,下课,
0,赶到图书馆只能学1个小时了,2024-10-09 16:38:34,"赶到, 图书馆, 学",
0,笑死,2024-10-09 16:38:37,笑死,
1,差不多,2024-10-09 16:39:41,差不多,
1,待到6:30正好去velodrome吃饭,2024-10-09 16:40:03,"正好, velodrome, 吃",
0,好好好,2024-10-09 16:43:22,好好,
0,时间管理大师,2024-10-09 16:43:29,"时间, 管理, 大师",
0,太远了吧,2024-10-09 16:43:40,太远,
0,Velodrome ,2024-10-09 16:43:46,Velodrome,
1,还可以，和我住的地方不算太远,2024-10-09 16:45:19,"住, 不算, 太远",
1,你的乐器是在线下买的还是线上买的,2024-10-09 20:29:33,"乐器, 在线, 买, 线上, 买",
0,我收的二手,2024-10-09 21:21:22,"我收, 二手",
1,我没有琴弦用了，网购要满60欧，不知道线下店什么价格,2024-10-09 21:23:05,"琴弦, 网购, 满, 欧, 线下, 店, 价格",
0,我从国内有带一根琴弦过来,2024-10-09 21:47:26,"国内, 有带, 一根, 琴弦, 过来",
0,不知道能不能用,2024-10-09 21:47:33,不能,
0,下次拿给你,2024-10-09 21:47:37,拿给,
1,木电吉他的弦应该不通用吧,2024-10-09 21:51:59,"木, 电吉他, 弦, 通用",
1,我已经连续崩断三根弦了[捂脸],2024-10-09 21:52:11,"连续, 崩断, 三根, 弦",[捂脸]
0,三根？！,2024-10-09 21:52:25,三根,
0,你是有多大力,2024-10-09 21:52:32,大力,
1,一开始以为是拨片太垃圾了，现在感觉是琴桥上有划痕把弦割断了,2024-10-09 21:53:26,"拨片, 垃圾, 琴桥, 划痕, 弦, 割断",
1,所以之后再去action找一下砂纸磨一下,2024-10-09 21:53:52,"action, 找, 砂纸, 磨",
0,琴桥有问题？,2024-10-09 21:54:43,"琴桥, 问题",
0,你什么时候去action,2024-10-09 21:55:01,action,
0,我想去旁边那个大match来着,2024-10-09 21:55:19,"旁边, match",
1,明天下午吧，可能没有课,2024-10-09 21:55:47,课,
1,学校面试辅导，还要组4人group，然后我还要等邮件,2024-10-09 21:56:41,"学校, 面试, 辅导, 组, group, 邮件",
1,他总是在上课前一会才发邮件,2024-10-09 21:57:08,"总是, 上课, 发邮件",
0,你不是才M1吗,2024-10-09 21:58:06,M1,
0,面试什么,2024-10-09 21:58:10,面试,
0,你们没课表吗,2024-10-09 21:58:26,课表,
1,m1结束的暑假要实习,2024-10-09 22:05:01,"m1, 结束, 暑假, 实习",
1,课表的话看情况可能会变,2024-10-09 22:05:26,"课表, 情况, 会变",
1,比如这种乱七八糟的课,2024-10-09 22:05:33,"乱七八糟, 课",
1,还有讲座什么的，那种就直接翘掉[好的],2024-10-09 22:05:55,"讲座, 翘, 掉, [, ]",
0,哈哈哈哈好,2024-10-09 22:34:10,哈哈哈哈,
0,早点休息,2024-10-09 22:34:27,"早点, 休息",
1,早休息不了一点[旺柴]虽然明天早八，但是明天都是语言课不用脑子，晚上快乐刷手机,2024-10-09 22:36:17,"早, 休息, 不了, 早八, 语言, 课, 不用, 脑子, 快乐, 刷, 手机",[旺柴]
1,你也早点睡,2024-10-09 22:36:46,"早点, 睡",
0,好好好,2024-10-09 22:37:16,好好,
0,晚安捏,2024-10-09 22:37:20,"晚安, 捏",
1,我去你睡这么早,2024-10-09 22:37:43,"睡, 早",
0,我是老干部作息,2024-10-09 22:37:46,"老干部, 作息",
0,11点睡7点起,2024-10-09 22:37:58,"睡, 点起",
1,厉害，分我点自制力,2024-10-09 22:38:05,"厉害, 我点, 自制力",
0,主要是精力不够,2024-10-09 22:38:14,"精力, 不够",
0,你分我点精力,2024-10-09 22:38:22,"你分, 我点, 精力",
1,我是纯作死[旺柴]，还是你的作息好,2024-10-09 22:38:48,"纯作, 死, 作息",[旺柴]
0,适合自己的就是最好的,2024-10-09 22:39:11,"适合, 最好",
0,好，失眠了,2024-10-10 00:49:32,失眠,
0,我能问问你读的是哪个项目吗,2024-10-10 10:03:49,"我能, 读, 项目",
0,我看他还有英文授课耶,2024-10-10 10:04:46,"英文, 授课, 耶",
1,ICM,2024-10-10 10:06:42,ICM,
1,在学校里叫FICM,2024-10-10 10:06:52,"学校, FICM",
1,英文授课感觉没什么存在感，主要是给erasmus提供的,2024-10-10 10:07:22,"英文, 授课, 没什么, 存在, 感, erasmus, 提供",
0,感恩,2024-10-10 10:08:18,感恩,
0,我今晚没事了,2024-10-10 10:08:28,"今晚, 没事",
1,含金量在FICM[旺柴]如果被FICM淘汰了还有FIGM收,2024-10-10 10:08:30,"含金量, FICM, FICM, 淘汰, FIGM, 收",[旺柴]
0,5点15下课,2024-10-10 10:08:35,下课,
0,要不要来我家吃饭,2024-10-10 10:08:43,"不要, 我家, 吃",
1,今晚陈晓轩叫我去吃拉面,2024-10-10 10:09:12,"今晚, 陈晓轩, 吃, 拉面",
1,有约了[旺柴],2024-10-10 10:09:19,约,[旺柴]
1,周末哪天,2024-10-10 10:09:25,"周末, 天",
0,没事,2024-10-10 10:09:36,没事,
0,被你们孤立是我的命运我了解,2024-10-10 10:09:51,"孤立, 命运, 了解",
0,哈哈哈哈其实也没事，主要想问你申学校的事,2024-10-10 10:10:41,"哈哈哈哈, 其实, 没事, 申, 学校",
0,周末可以叫上小轩一起喝点东西,2024-10-10 10:11:06,"周末, 小轩, 一起, 喝点",
1,我昨天还问吃拉面的还有谁[捂脸]她说没别人了,2024-10-10 10:11:20,"吃, 拉面, 别人",[捂脸]
1,她的锅[破涕为笑],2024-10-10 10:11:29,锅,[破涕为笑]
0,好好好,2024-10-10 10:11:30,好好,
0,我开玩笑的,2024-10-10 10:11:45,开玩笑,
1,现在开始学阿语,2024-10-10 10:14:03,学阿语,
1,比法语有用[捂脸],2024-10-10 10:14:14,"法语, 有用",[捂脸]
0,为什么要学阿语呀,2024-10-10 10:14:31,"要学, 阿语",
1,因为阿人太多了,2024-10-10 10:14:46,"阿人, 太多",
0,好伐,2024-10-10 10:16:10,好伐,
0,我在上contrôle de gestion ,2024-10-10 10:17:54,"contr, le, de, gestion",
0,企业管理吧,2024-10-10 10:18:14,"企业, 管理",
1,在amphi上的课我都会睡过去,2024-10-10 10:19:35,"amphi, 课, 睡过去",
1,太好摸鱼了,2024-10-10 10:19:50,"太好, 摸鱼",
0,哈哈哈哈,2024-10-10 10:28:48,哈哈哈哈,
1,周末吃饭什么时候,2024-10-10 17:32:03,"周末, 吃",
0,想出去吃吗,2024-10-10 17:34:39,"出去, 吃",
1,去你家吧,2024-10-10 17:35:33,你家,
1,感觉你对厨艺很自信[旺柴],2024-10-10 17:35:43,"厨艺, 自信",[旺柴]
1,我周五晚上到周末都有空,2024-10-10 17:36:10,"周五, 周末, 有空",
0,周末吧,2024-10-10 17:37:54,周末,
1,周几啊,2024-10-10 17:44:17,周几,
0,周日,2024-10-10 18:05:03,周日,
1,okkk,2024-10-10 18:06:32,okkk,
0,你想吃什么,2024-10-10 18:10:30,吃,
1,中餐就行,2024-10-10 18:19:23,"中餐, 就行",
1,我不忌口[旺柴],2024-10-10 18:19:27,忌口,[旺柴]
1,金钱的气息,2024-10-12 14:56:50,"金钱, 气息",
1,网上卖5.9的弦这里要9,2024-10-12 14:57:07,"网上, 卖, 弦",
0,这么贵,2024-10-12 15:35:56,贵,
0,你还是网上买吧,2024-10-12 15:36:11,"网上, 买",
0,我在学finance,2024-10-12 15:36:36,"学, finance",
0,这是在市中心吗,2024-10-12 15:37:23,市中心,
1,太好学了,2024-10-12 15:38:19,好学,
1,对在市中心,2024-10-12 15:38:24,市中心,
0,十一月7号考试,2024-10-12 15:38:37,"十一月, 考试",
0,过程对了答案错了也算错,2024-10-12 15:38:45,"过程, 答案, 错, 算错",
0,我不想得0分啊[苦涩],2024-10-12 15:38:55,不想,[苦涩]
0,哪家店,2024-10-12 15:39:16,"哪家, 店",
0,你知道市中心有很多古着店吗,2024-10-12 15:39:27,"市中心, 古着, 店",
0,你喜欢古着吗,2024-10-12 15:39:40,"喜欢, 古着",
1,我6号考试还没开始复习,2024-10-12 15:39:40,"考试, 复习",
0,Vintage,2024-10-12 15:39:45,Vintage,
0,Ddl大王,2024-10-12 15:39:53,"Ddl, 大王",
1,我去过几家，感觉质量不太行啊,2024-10-12 15:40:04,"去过, 几家, 质量, 太行",
0,我只去过一家,2024-10-12 15:40:19,"去过, 一家",
0,小轩？,2024-10-12 15:40:38,小轩,
1,暑假的时候和老外去的,2024-10-12 15:40:54,"暑假, 老外",
0,下次一起去逛古着店呗,2024-10-12 15:40:56,"一起, 去逛, 古着, 店",
0,我觉得还蛮好玩的,2024-10-12 15:41:06,好玩,
0,暑假啊？,2024-10-12 15:41:29,暑假,
1,7月就是暑假么,2024-10-12 15:42:08,暑假,
1,在这夏令营吧,2024-10-12 15:42:18,夏令营,
0,你参加他们的夏令营啦？,2024-10-12 15:42:34,夏令营,
0,怎么样，好玩不,2024-10-12 15:42:41,好玩,
0,会学很多专业课吗,2024-10-12 15:42:55,"会学, 专业课",
1,就是每天上午上三小时语言，下午没事所以和同学出去逛街,2024-10-12 15:43:37,"三, 语言, 没事, 同学, 出去, 逛街",
1,然后每周五组织去参观南锡的博物馆,2024-10-12 15:43:55,"每周五, 组织, 参观, 南锡, 博物馆",
0,这么爽,2024-10-12 15:43:58,爽,
1,不过完全听不懂讲解,2024-10-12 15:44:04,"完全, 听不懂, 讲解",
0,这是强制的吗,2024-10-12 15:44:12,强制,
1,参加夏令营是强制的，不过上了想请假应该都可以,2024-10-12 15:45:41,"夏令营, 强制, 请假",
0,你去过南锡的海洋馆没,2024-10-12 15:46:12,"去过, 南锡, 海洋馆",
1,在市中心那个吗,2024-10-12 15:47:36,市中心,
1,你明天做饭要买啥吗，我在亚超,2024-10-12 15:49:21,"做饭, 买, 亚超",
0,我去match,2024-10-12 16:00:34,match,
0,没事你不管,2024-10-12 16:00:40,没事,
0,这个爪爪好好喝,2024-10-12 16:56:16,"爪, 爪, 好喝",
1,没尝过,2024-10-12 17:00:20,没尝过,
1,什么味的,2024-10-12 17:00:37,味,
0,原味的吧,2024-10-12 17:06:13,原味,
0,你吃内脏吗,2024-10-12 18:50:40,"吃, 内脏",
1,吃的,2024-10-12 19:18:24,吃,
0,你能吃辣吗,2024-10-12 19:34:02,"吃, 辣",
1,非常能,2024-10-12 19:34:21,非常,
0,真假,2024-10-12 19:52:13,真假,
0,你哪人,2024-10-12 19:52:18,哪人,
1,老家连云港,2024-10-12 19:52:56,"老家, 连云港",
0,江苏？！,2024-10-12 19:55:06,江苏,
0,高考地狱难度,2024-10-12 19:55:34,"高考, 地狱, 难度",
0,我舍友要晚一点才回来，我们六点半吃饭可以吗,2024-10-13 11:45:42,"舍友, 晚一点, 回来, 六点半, 吃",
1,okok,2024-10-13 11:46:07,okok,
0,Rick and Morty,2024-10-13 20:07:03,"Rick, Morty",
1,grand frais,2024-10-13 20:55:06,"grand, frais",
0,爱乐之城,2024-10-13 21:12:57,"爱乐, 城",
0,星际穿越,2024-10-13 21:13:49,"星际, 穿越",
1,我到家了,2024-10-13 23:04:41,家,
0,早点休息,2024-10-13 23:06:41,"早点, 休息",
0,晚安,2024-10-13 23:06:44,晚安,
0,确实香,2024-10-14 13:30:30,"确实, 香",
0,谢谢你,2024-10-14 13:30:32,谢谢,
1,不用谢,2024-10-14 14:49:22,不用谢,
1,应该的[破涕为笑],2024-10-14 14:49:29,,[破涕为笑]
0,到家了吗,2024-10-14 19:15:09,到家,
0,你今天说的那个卢森堡🇱🇺的城市叫什么来着,2024-10-14 19:15:26,"卢森堡, 城市",
1,到家了,2024-10-14 19:37:22,到家,
1,thionville,2024-10-14 19:37:39,thionville,
0,谢谢,2024-10-14 19:48:05,谢谢,
1,今天crous鱼排饭巨好吃,2024-10-15 12:15:21,"crous, 鱼排, 饭, 巨, 好吃",
1,还有西兰花,2024-10-15 12:15:26,西兰花,
0,不信,2024-10-15 12:15:49,信,
0,给我拍,2024-10-15 12:15:50,拍,
1,没有啥卖相,2024-10-15 12:16:36,卖相,
1,就是好吃,2024-10-15 12:16:42,好吃,
0,好好好,2024-10-15 12:17:06,好好,
0,我准备回家吃剩饭,2024-10-15 12:17:13,"准备, 回家, 吃, 剩饭",
0,和小轩？,2024-10-15 12:17:51,小轩,
0,她吃的啥,2024-10-15 12:17:55,吃,
1,和她吃饭随缘,2024-10-15 12:18:59,"吃, 随缘",
1,和同学吃,2024-10-15 12:19:03,"同学, 吃",
0,哦哦哈哈哈哈,2024-10-15 12:19:07,哈哈哈哈,
0,法国同学？,2024-10-15 12:19:42,"法国, 同学",
1,国际生,2024-10-15 12:20:27,"国际, 生",
0,你周末去玩剧本杀吗,2024-10-15 12:20:34,"周末, 玩, 剧本, 杀",
1,法国人才不带我吃饭,2024-10-15 12:20:39,"法国, 人才, 不带, 吃",
1,不去吧，该学习了,2024-10-15 12:20:55,"不去, 学习",
0,笑死,2024-10-15 12:21:04,笑死,
0,下周考试,2024-10-15 12:21:08,"下周, 考试",
0,今天早上处理了一堆事情,2024-10-15 12:21:26,"处理, 一堆, 事情",
0,我们学校注册部是一个拽姐,2024-10-15 12:23:09,"学校, 注册, 部是, 拽, 姐",
0,很不耐烦，然后我又需要那个注册证明搞我的visa,2024-10-15 12:23:40,"不耐烦, 需要, 注册, 证明, 搞, visa",
0,然后问老师要了两封推荐信，然后写感谢信,2024-10-15 12:24:09,"老师, 两封, 推荐信, 感谢信",
0,事情很多，世界毁灭,2024-10-15 12:24:26,"事情, 世界, 毁灭",
0,你早上干嘛了,2024-10-15 12:24:50,干嘛,
1,为什么开学不给你注册证明,2024-10-15 12:27:09,"开学, 注册, 证明",
1,早上上课呗,2024-10-15 12:27:35,上课,
0,我们学校行政很乱,2024-10-15 12:27:55,"学校, 行政, 乱",
0,搞不懂,2024-10-15 12:27:58,搞不懂,
1,笑死被我猜中了,2024-10-15 12:29:59,"笑死, 猜中",
1,和我一届的男生为什么要回国,2024-10-15 12:30:12,"一届, 男生, 回国",
1,但是不是闹分手,2024-10-15 12:30:21,"闹, 分手",
1,是他女朋友出事了他要回去陪,2024-10-15 12:30:36,"女朋友, 出事, 回去, 陪",
0,结婚呗,2024-10-15 12:30:40,结婚,
1,试都不考了，直接补考,2024-10-15 12:30:56,"试都, 不考, 补考",
0,好好好,2024-10-15 12:31:15,好好,
0,纯爱战神,2024-10-15 12:31:22,"纯爱, 战神",
1,[旺柴][旺柴],2024-10-15 12:32:22,,"[旺柴], [旺柴]"
0,你怎么知道我是纯爱战士,2024-10-15 12:32:25,"纯爱, 战士",
1,不是你和我吃完饭谈恋爱观到10点吗,2024-10-15 12:34:07,"吃完饭, 谈恋爱, 观到",
0,好好好,2024-10-15 12:34:34,好好,
0,那你是花心大萝卜,2024-10-15 12:34:45,"花心, 大萝卜",
0,三分钟热度,2024-10-15 12:34:54,"三分钟, 热度",
0,[旺柴],2024-10-15 12:36:01,,[旺柴]
1,三分钟热度我认证,2024-10-15 12:47:39,"三分钟, 热度, 认证",
0,感冒了,2024-10-15 17:34:05,感冒,
0,笑死,2024-10-15 17:34:09,笑死,
0,和我的头像完全一致了,2024-10-15 17:34:33,"头像, 完全一致",
0,中国玄学大胜利,2024-10-15 17:34:46,"中国, 玄学, 胜利",
1,积劳成疾,2024-10-15 19:02:50,积劳成疾,
1,多吃维生素,2024-10-15 19:02:54,"吃, 维生素",
0,你撤回了一条消息,2024-10-15 19:07:20,撤回,
1,我早八点上到晚七,2024-10-15 19:07:32,"早, 八点, 上到, 晚七",
0,辛苦,2024-10-15 19:44:19,辛苦,
0,刚吃饭去了,2024-10-15 19:44:27,吃,
0,我也是七点下课,2024-10-15 19:44:38,"七点, 下课",
0,卢森堡房子太难找了,2024-10-15 19:44:58,"卢森堡, 房子, 太难, 找",
0,"""范艺佳"" 撤回了一条消息",2024-10-15 19:45:08,"范艺佳, 撤回",
1,我正在吃,2024-10-15 19:45:29,吃,
1,昨天的kebab,2024-10-15 19:45:33,kebab,
0,刚吃完,2024-10-15 19:46:09,吃,
0,感觉一个月都不想吃了,2024-10-15 19:46:24,"一个月, 不想, 吃",
0,太腻了,2024-10-15 19:46:29,太腻,
1,早跟你说了taco腻,2024-10-15 19:46:55,"早, taco, 腻",
1,还是吃带蔬菜的好,2024-10-15 19:47:33,"吃, 带, 蔬菜",
0,牙齿不好,2024-10-15 19:47:48,"牙齿, 不好",
1,kebab不硬,2024-10-15 19:48:04,"kebab, 不硬",
1,我也不吃硬的,2024-10-15 19:48:10,"不吃, 硬",
0,好好好,2024-10-15 19:49:33,好好,
0,我的牙齿做过几个根管,2024-10-15 19:50:02,"牙齿, 做过, 根管",
0,羡慕你们牙口好的人,2024-10-15 19:50:16,"羡慕, 牙口",
1,为什么牙不好,2024-10-15 19:50:57,"牙, 不好",
1,什么吃多了,2024-10-15 19:51:06,吃,
0,我以前做过矫正,2024-10-15 19:51:27,"做过, 矫正",
0,结果失败了,2024-10-15 19:51:44,失败,
0,初中是牙套妹啦,2024-10-15 19:52:20,"初中, 牙, 套妹",
1,医疗事故吗,2024-10-15 19:52:29,医疗事故,
0,然后就脱矿补了6-7个,2024-10-15 19:52:55,"脱, 矿补",
0,做了4个根管,2024-10-15 19:53:10,根管,
1,我去，所以你有好多假牙,2024-10-15 19:53:26,假牙,
0,都是真的，只不过有的没有牙神经,2024-10-15 19:54:39,"真的, 只不过, 牙, 神经",
1,了解了,2024-10-15 19:55:11,了解,
1,我朋友有牙坏了没钱治的，太贵了,2024-10-15 19:55:31,"朋友, 有牙坏, 没钱治, 太贵",
0,不过有一颗银色的,2024-10-15 19:55:32,"一颗, 银色",
0,真的很贵,2024-10-15 19:55:42,"真的, 贵",
1,多来几颗金属牙,2024-10-15 19:56:52,"多来, 几颗, 金属, 牙",
0,一个根管就得6000,2024-10-15 19:56:55,根管,
1,你可以当rapper,2024-10-15 19:56:58,rapper,
0,滚啊,2024-10-15 19:57:01,滚,
0,我当女同学历太低，当rapper学历太高,2024-10-15 19:57:38,"我当, 女同, 学历, 太低, rapper, 学历, 太高",
1,你还学历低,2024-10-15 19:57:58,"学历, 低",
0,没读到硕士都不好意思说自己是女同,2024-10-15 19:59:48,"没读, 硕士, 不好意思, 女同",
0,弹吉他去了,2024-10-15 20:00:37,"弹, 吉他",
0,不精神,2024-10-15 21:29:03,精神,
0,唱不出来,2024-10-15 21:29:07,"唱, 出来",
0,很难听,2024-10-15 21:29:12,难听,
0,我在买卸妆水,2024-10-15 21:29:31,"买, 卸妆水",
1,弹唱牛啊,2024-10-15 21:39:32,"弹唱, 牛",
1,我说心态年轻,2024-10-15 21:39:44,"心态, 年轻",
1,学生思维,2024-10-15 21:39:51,"学生, 思维",
0,我是御姐,2024-10-15 21:40:11,御姐,
0,你在干嘛,2024-10-15 21:40:39,干嘛,
1,我也在弹,2024-10-15 21:41:28,弹,
0,不信,2024-10-15 21:41:48,信,
0,除非给我听一下,2024-10-15 21:41:54,听,
0,"""范艺佳"" 撤回了一条消息",2024-10-15 21:41:57,"范艺佳, 撤回",
1,付费订阅,2024-10-15 21:42:39,"付费, 订阅",
0,你有instagram吗,2024-10-15 22:57:25,instagram,
1,不过就是僵尸号,2024-10-15 23:02:52,僵尸,
0,平常不刷in’s的吗,2024-10-15 23:03:24,"平常, 不刷",
0,你都玩啥啊,2024-10-15 23:03:28,玩,
1,ins看不懂,2024-10-15 23:03:42,"ins, 看不懂",
1,小红书吧,2024-10-15 23:03:53,"小红, 书吧",
0,好好好,2024-10-15 23:04:26,好好,
0,加下小红书,2024-10-15 23:04:31,"加下, 小红书",
0,我的小红书被我刷的全是实习推荐,2024-10-15 23:04:46,"小红书, 刷, 全是, 实习, 推荐",
1,https://www.xiaohongshu.com/user/profile/63f6dd9f000000000f013a26?xhsshare=CopyLink&appuid=63f6dd9f000000000f013a26&apptime=1729026425&share_id=c2c7bebf535e4768af6b01dc7271ac16,2024-10-15 23:07:11,"xiaohongshu, user, profile, 63f6dd9f000000000f013a26, xhsshare, CopyLink, appuid, 63f6dd9f000000000f013a26, apptime, share, id, c2c7bebf535e4768af6b01dc7271ac16",
0,不儿,2024-10-15 23:08:35,不儿,
0,哒姐,2024-10-15 23:08:42,姐,
0,你用电脑刷小红书啊,2024-10-15 23:08:51,"电脑, 刷小红书",
1,什么电脑刷小红书,2024-10-15 23:09:06,"电脑, 刷小红书",
0,这是电脑版啊,2024-10-15 23:09:23,"电脑, 版",
0,算了你加我吧,2024-10-15 23:09:27,"算了, 你加",
1,我这是手机版,2024-10-15 23:09:49,"手机, 版",
1,你用手机打开,2024-10-15 23:10:36,手机,
0,我用的平板,2024-10-15 23:11:08,"我用, 平板",
0,没差,2024-10-15 23:11:10,没差,
0,很方便的,2024-10-15 23:11:27,方便,
1,你这名字搜出来是小韩博主,2024-10-15 23:11:57,"名字, 搜, 出来, 韩博主",
0,看头像,2024-10-15 23:12:29,头像,
1,哦找到了,2024-10-15 23:12:30,找到,
0,不儿,2024-10-15 23:13:20,不儿,
0,你这个💦怎么弄的,2024-10-15 23:13:32,怎么弄,
0,还有挂件,2024-10-15 23:13:41,挂件,
0,好高级,2024-10-15 23:13:43,高级,
1,有个养宠物的功能,2024-10-15 23:14:35,"有个, 养, 宠物, 功能",
0,可爱捏,2024-10-15 23:16:08,"可爱, 捏",
0,我的法国同学给我了一个这个糖,2024-10-16 11:07:22,"法国, 同学, 糖",
0,问我好不好吃,2024-10-16 11:07:39,"好不好, 吃",
0,这个味道，跟蜜蜂拉嘴里了一样，我想知道一个本来应该清新口气的violette怎么会这么骚啊，但是我还得😅c’est goût très bon ,2024-10-16 11:09:34,"味道, 蜜蜂, 拉, 嘴里, 清新, 口气, violette, 骚, est, go, tr, bon",
1,法国人厕品,2024-10-16 11:13:13,"法国人, 厕品",
1,包装看着挺精致的,2024-10-16 11:13:21,"包装, 看着, 精致",
0,从来没想到这辈子还能尝到蜜蜂💩味,2024-10-16 11:21:15,"从来, 没想到, 这辈子, 尝到, 蜜蜂, 味",
1,你知道蜜蜂💩什么味,2024-10-16 11:34:16,"蜜蜂, 味",
0,把你的中老年表情包扔远点,2024-10-16 11:45:01,"中老年, 表情, 包, 扔, 远点",
0,Hihi,2024-10-17 09:37:57,Hihi,
0,我想问一下那个共享单车要怎么买卡捏,2024-10-17 09:38:14,"共享, 单车, 买卡, 捏",
0,在网站上吗？还是线下呀,2024-10-17 09:38:32,"网站, 线下",
1,app,2024-10-17 10:03:41,app,
1,velostan,2024-10-17 10:03:44,velostan,
1,天冷了你开始骑自行车了,2024-10-17 10:04:08,"天冷, 骑, 自行车",
0,你带手套过来了吗,2024-10-17 10:19:35,"带, 手套, 过来",
0,我有两套，给你一套,2024-10-17 10:20:14,"两套, 一套",
1,你借给我我会弄丢,2024-10-17 10:32:41,"借给, 我会, 弄, 丢",
1,你通勤到哪,2024-10-17 10:32:51,通勤,
0,送给你,2024-10-17 10:33:00,送给,
0,到车站,2024-10-17 10:33:04,车站,
0,然后看看SNCF有没有月卡可以买从南希到卢森堡,2024-10-17 10:34:06,"看看, SNCF, 有没有, 卡, 买, 南希, 卢森堡",
0,好不想搬家啊,2024-10-17 10:34:19,"不想, 搬家",
1,你从这通勤太远了,2024-10-17 12:06:01,"通勤, 太远",
0,有啥不好意思的，我又不是章鱼哥，带不了那么多手套,2024-10-17 12:08:09,"不好意思, 章鱼, 哥, 带, 不了, 手套",
0,可是搬家真的很麻烦,2024-10-17 12:08:42,"搬家, 真的, 麻烦",
0,而且这里离学校又很近,2024-10-17 12:09:05,"学校, 近",
1,实习你还上课吗,2024-10-17 12:09:21,"实习, 上课",
0,不上课啊,2024-10-17 12:10:35,上课,
1,那离学校近不是没有用了吗,2024-10-17 12:11:42,"那离, 学校, 近",
0,你能把那个app截图发给我看一下吗,2024-10-17 12:11:43,"app, 截图, 发给",
0,我搜出来有好几个,2024-10-17 12:11:43,"搜, 出来, 好几个",
0,其实就是习惯了在一个地方住,2024-10-17 12:12:41,"其实, 习惯, 住",
0,要打破总是需要勇气,2024-10-17 12:12:54,"打破, 总是, 需要, 勇气",
1,你买辆车自驾上班,2024-10-17 12:22:40,"买, 辆车, 自驾, 上班",
0,我不会开车,2024-10-17 12:23:02,开车,
0,你会开车吗,2024-10-17 12:23:08,开车,
1,会，不喜欢开,2024-10-17 12:23:59,喜欢,
1,来这才感觉有车方便,2024-10-17 12:24:11,"有车, 方便",
0,你啥时候学的驾照啊,2024-10-17 12:28:59,"啥时候, 学, 驾照",
0,你知道国内的驾照在这里交一些文件认证一下然后在法国就可以开车了吗,2024-10-17 12:29:40,"国内, 驾照, 交, 文件, 认证, 法国, 开车",
0,太爽了,2024-10-17 12:29:51,太爽了,
1,本科的时候,2024-10-17 12:30:04,本科,
1,我驾照带来了，但没有车[捂脸],2024-10-17 12:30:37,"驾照, 带来, 车",[捂脸]
0,二手车3000就可以买到,2024-10-17 12:32:37,"二手车, 买",
0,加油,2024-10-17 12:32:39,加油,
0,你去过诺曼底吗,2024-10-17 12:33:54,"去过, 诺曼底",
1,没去过,2024-10-17 12:34:32,去过,
0,那边好像只能开车，下次多找几个旅友我们一起去玩，换着开车,2024-10-17 12:34:51,"开车, 找, 旅友, 一起, 玩, 换, 开车",
1,好好好,2024-10-17 12:35:21,好好,
0,你开车，小轩坐副驾导航，我坐在后座吃零食睡觉,2024-10-17 12:35:28,"开车, 小轩, 副, 驾, 导航, 坐在, 后座, 吃零食, 睡",
0,大家各司其职,2024-10-17 12:35:34,"大家, 各司其职",
1,我开车我自己都害怕[旺柴],2024-10-17 12:35:43,"开车, 害怕",[旺柴]
0,我相信你,2024-10-17 12:35:57,相信,
0,有的坐就不错了,2024-10-17 12:36:07,不错,
0,这个酱好膻啊,2024-10-17 13:02:35,"酱, 膻",
0,臭fromage,2024-10-17 13:02:41,"臭, fromage",
0,下次不要点,2024-10-17 13:02:52,不要,
1,经典干巴牛排,2024-10-17 13:23:45,"经典, 干巴, 牛排",
1,水煮菜你没加点调料吗,2024-10-17 13:24:22,"水, 煮菜, 加点, 调料",
0,我口轻，吃太咸下午得脱水,2024-10-17 13:50:35,"口轻, 吃, 咸, 脱水",
1,胡椒盐好吃,2024-10-17 13:51:44,"胡椒, 盐, 好吃",
0,你有收到这个吗,2024-10-17 13:55:36,收到,
0,我不知道这个是干嘛的 invite 我干嘛,2024-10-17 13:56:39,"干嘛, invite, 干嘛",
0,不会是汉尼拔的晚餐吧,2024-10-17 13:56:49,"汉尼拔, 晚餐",
1,可能是钓鱼,2024-10-17 13:57:11,钓鱼,
0,有可能，不理她了,2024-10-17 13:57:27,不理,
0,不儿,2024-10-17 14:24:30,不儿,
0,我号码对可是我真的不想回啊,2024-10-17 14:24:42,"号码, 真的, 不想, 回",
0,这个女士好可怕,2024-10-17 14:24:48,"女士, 可怕",
0,我不想去周日午餐可以吗,2024-10-17 14:25:05,"不想, 周日, 午餐",
0,到底是怎么知道我的电话的,2024-10-17 14:25:36,"到底, 电话",
1,这是什么玩意,2024-10-17 14:31:56,玩意,
0,不儿,2024-10-17 14:32:18,不儿,
1,是那个安排去法国人家吃饭的吗,2024-10-17 14:32:24,"安排, 法国, 吃",
1,你报名了？,2024-10-17 14:32:39,报名,
0,可是我没有报名活动吧,2024-10-17 14:32:40,"报名, 活动",
0,不儿,2024-10-17 14:32:48,不儿,
0,谁给我报的,2024-10-17 14:33:02,"谁给我, 报",
0,我如果婉拒她会不会骂我,2024-10-17 14:33:19,"婉拒, 骂",
0,她看起来很急,2024-10-17 14:34:28,"看起来, 急",
0,我更不敢说我已读不回了,2024-10-17 14:34:39,"不敢, 已读, 回",
0,啊啊啊啊啊啊,2024-10-17 14:41:28,"啊啊啊, 啊啊啊",
0,她短信轰炸我,2024-10-17 14:41:37,"短信, 轰炸",
0,又给我发邮件,2024-10-17 14:41:42,"给我发, 邮件",
1,回她短信就行,2024-10-17 14:43:09,"回, 短信, 就行",
1,也是吃上水煮肉片了,2024-10-17 14:59:59,"吃, 水, 煮, 肉片",
1,一边打电话一边做饭到3点,2024-10-17 15:02:03,"打电话, 做饭",
1,蓄谋已久想吃掉冰箱里的豆芽，就做这个,2024-10-17 15:02:40,"蓄谋已久, 吃掉, 冰箱, 豆芽",
0,和谁打电话呢,2024-10-17 15:02:41,打电话,
1,和家里,2024-10-17 15:02:49,家里,
0,早知道你这么会做饭,2024-10-17 15:02:51,"早, 做饭",
0,大不了我洗碗,2024-10-17 15:03:13,"大不了, 洗碗",
0,太幸福了吧[流泪],2024-10-17 15:03:40,幸福,[流泪]
1,我觉得你对厨艺很自信，我来一探究竟,2024-10-17 15:03:42,"厨艺, 自信, 我来, 一探, 究竟",
0,你不许吃👊不许吃👊👊[流泪],2024-10-17 15:04:12,"不许, 吃, 不许, 吃",[流泪]
0,隐藏款大厨,2024-10-17 15:04:49,"隐藏, 款, 大厨",
0,你不会今天一天都没课吧,2024-10-17 15:07:40,没课,
0,我早八上到晚5,2024-10-17 15:07:50,"早八上, 晚",
0,服了,2024-10-17 15:07:59,服,
1,上午有课,2024-10-17 15:09:24,有课,
1,下午b讲座翘掉,2024-10-17 15:09:36,"讲座, 翘, 掉",
0,不愧是你,2024-10-17 15:10:04,不愧,
0,你们学校明天有讲座,2024-10-17 17:14:29,"学校, 讲座",
1,明天上课，那个巨无聊的atelier artem,2024-10-17 17:16:02,"上课, 巨, 无聊, atelier, artem",
0,干嘛的,2024-10-17 17:16:26,干嘛,
0,实习培训？,2024-10-17 17:16:48,"实习, 培训",
1,就是几个学校一起做项目，和晓轩一起,2024-10-17 17:16:59,"学校, 一起, 项目, 和晓轩, 一起",
0,这么爽,2024-10-17 17:17:08,爽,
1,目前还是画大饼阶段,2024-10-17 17:17:11,"目前, 画, 大饼, 阶段",
0,我们学校被孤立,2024-10-17 17:17:24,"学校, 孤立",
1,有你们学校的人，不来上课,2024-10-17 17:17:39,"学校, 上课",
1,然后mines就我一个来上课,2024-10-17 17:17:52,"mines, 上课",
0,笑死,2024-10-17 17:18:02,笑死,
1,上星期晓轩要逃课，我说我也,2024-10-17 17:18:12,"上星期, 晓轩, 逃课",
1,但是那个项目的老师和我自己另一个项目是同一个老师,2024-10-17 17:18:30,"项目, 老师, 项目, 同一个, 老师",
1,她记住我了,2024-10-17 17:18:36,记住,
1,走在路上碰到我问我为什么下午没来上课,2024-10-17 17:18:57,"路上, 碰到, 上课",
0,这种被抓就老实了,2024-10-17 17:19:00,"抓, 老实",
0,哈哈哈哈哈哈,2024-10-17 17:19:03,"哈哈哈, 哈哈哈",
0,在干嘛,2024-10-17 21:03:27,干嘛,
1,发呆,2024-10-17 21:16:13,发呆,
0,周末要不要和我去海洋馆,2024-10-17 21:19:00,"周末, 不要, 海洋馆",
1,下周吧,2024-10-17 21:19:44,下周,
0,下周我要去考雅思,2024-10-17 21:20:19,"下周, 考, 雅思",
1,下周之后是假期,2024-10-17 21:20:45,"下周, 假期",
1,好吧感觉假期法国人会放假,2024-10-17 21:21:10,"假期, 法国人, 放假",
0,啊，那去不了了,2024-10-17 21:23:16,"那去, 不了",
1,下次一定,2024-10-17 21:34:51,一定,
1,半夜想吃寿喜烧的心情达到了顶峰,2024-10-17 22:11:33,"半夜, 吃, 寿喜, 烧, 心情, 达到, 顶峰",
0,起来自己做一个,2024-10-17 22:12:59,起来,
0,大厨🧑‍🍳,2024-10-17 22:13:03,大厨,
1,周末再做，材料还没齐,2024-10-17 22:13:41,"周末, 材料, 没齐",
0,我也想吃,2024-10-17 22:13:54,吃,
0,这个是那个海洋馆开放时间,2024-10-17 22:14:52,"海洋馆, 开放, 时间",
1,这海洋馆还挺卷的,2024-10-17 22:15:05,"海洋馆, 卷",
0,我25考试，27.28可能要去巴黎,2024-10-17 22:15:16,"考试, 巴黎",
0,你有时间再和我讲,2024-10-17 22:15:25,时间,
1,去你家做也行，不好吃不能怪我,2024-10-17 22:16:36,"你家, 好吃, 不能, 怪",
1,没试过,2024-10-17 22:16:42,没试,
0,包的呀,2024-10-17 22:16:48,包,
0,我来买材料,2024-10-17 22:16:57,"我来, 买, 材料",
0,都需要啥,2024-10-17 22:17:00,需要,
1,我在想魔芋结，我好像在某个法超看过忘记了，不过也无所谓我没有很喜欢吃,2024-10-17 22:17:29,"魔芋, 结, 法超, 看过, 忘记, 无所谓, 喜欢, 吃",
0,我给你打下手,2024-10-17 22:17:30,打下手,
1,剩下就是肉和清酒了,2024-10-17 22:17:40,"剩下, 肉, 清酒",
0,中超应该有吧,2024-10-17 22:17:43,中超,
0,周日做吗还是周六,2024-10-17 22:18:21,"周日, 周六",
1,周六吧,2024-10-17 22:18:40,周六,
0,得提前去买东西,2024-10-17 22:18:42,"提前, 买",
0,你周六还要干嘛吗,2024-10-17 22:20:41,"周六, 干嘛",
1,这周末啥都不干，就复习吃饭睡觉,2024-10-17 22:21:12,"周末, 干, 复习, 吃, 睡",
0,那周末一起去中超？,2024-10-17 22:21:50,"周末, 一起, 中超",
0,周六,2024-10-17 22:21:54,周六,
1,没事不用去中超，缺的食材法超能买,2024-10-17 22:23:13,"没事, 不用, 中超, 缺, 食材法, 超能, 买",
0,法超有清酒吗,2024-10-17 22:23:39,"法超, 清酒",
1,缺香菇，胡萝卜，大葱，清酒找个随便什么代替一下吧,2024-10-17 22:24:07,"缺, 香菇, 胡萝卜, 大葱, 清酒, 找个, 随便, 代替",
0,我有料酒,2024-10-17 22:24:17,料酒,
0,Tequila可以吗,2024-10-17 22:24:47,Tequila,
1,应该可以试试,2024-10-17 22:25:05,试试,
0,这个可以去那个大的match买,2024-10-17 22:25:46,"match, 买",
0,在action旁边,2024-10-17 22:26:01,"action, 旁边",
1,那家我感觉肉不太多,2024-10-17 22:26:21,"那家, 肉, 不太多",
1,你去的时候牛肉多吗,2024-10-17 22:26:32,牛肉,
0,还有内脏,2024-10-17 22:26:42,内脏,
0,咱俩说的是一家吗,2024-10-17 22:26:50,"咱俩, 一家",
1,是一家，我今天中午去然后没买到肉,2024-10-17 22:27:20,"一家, 没买, 肉",
1,有24.99/kg的牛肉,2024-10-17 22:27:39,"kg, 牛肉",
1,但是我家门口的match经常有14.99/kg的牛肉,2024-10-17 22:28:05,"家门口, match, 经常, kg, 牛肉",
0,就是action旁边，不是bnp旁边,2024-10-17 22:28:11,"action, 旁边, bnp, 旁边",
0,咱们吃午饭还是晚饭,2024-10-17 22:29:22,"吃, 午饭, 晚饭",
1,都行，看你,2024-10-17 22:29:53,都行,
0,那晚饭吧,2024-10-17 22:32:04,晚饭,
1,okok,2024-10-17 22:32:26,okok,
0,你还想吃啥,2024-10-17 22:32:41,吃,
0,你喜欢吃啥,2024-10-17 22:33:00,"喜欢, 吃",
1,没事，我们多吃点肉够吃了,2024-10-17 22:34:57,"没事, 多吃点, 肉, 够吃",
1,我喜欢吃一切,2024-10-17 22:35:13,"喜欢, 吃",
1,除了硬的,2024-10-17 22:35:20,硬,
0,好好好,2024-10-17 22:35:46,好好,
0,我吹头发去了,2024-10-17 22:36:12,吹头发,
0,你周六再和我说,2024-10-17 22:36:24,周六,
0,时间,2024-10-17 22:36:28,时间,
0,晚安捏,2024-10-17 22:36:37,"晚安, 捏",
0,一会儿去图书馆吗,2024-10-18 16:00:13,"一会儿, 图书馆",
1,今天不去了,2024-10-18 16:13:07,不去,
0,我好困啊,2024-10-18 16:16:12,好困,
0,不想上课,2024-10-18 16:16:19,"不想, 上课",
1,我也困,2024-10-18 16:16:38,困,
1,想回去,2024-10-18 16:16:41,回去,
0,根本听不懂,2024-10-18 16:17:02,"根本, 听不懂",
0,你啥课,2024-10-18 16:17:19,课,
1,asmr,2024-10-18 16:19:52,asmr,
1,做马杀鸡,2024-10-18 16:20:11,马杀鸡,
0,下课了下课了,2024-10-18 16:28:10,"下课, 下课",
1,我也下课了,2024-10-18 16:44:13,下课,
1,抽象水课,2024-10-18 16:45:01,"抽象, 水课",
0,哈哈哈哈,2024-10-18 16:48:15,哈哈哈哈,
0,晚上吃啥,2024-10-18 16:48:20,吃,
0,不要太羡慕,2024-10-18 19:57:36,"不要, 羡慕",
0,[调皮],2024-10-18 19:57:36,,[调皮]
1,羡慕啥,2024-10-18 20:01:46,羡慕,
0,照片还没发出去,2024-10-18 20:03:17,"照片, 发出",
0,还没发过去,2024-10-18 20:08:37,"没发, 过去",
0,Wait for it,2024-10-18 20:08:45,Wait,
1,吃这么好,2024-10-18 20:10:01,吃,
0,澍澍做的,2024-10-18 20:10:57,"澍, 澍",
0,可好吃了,2024-10-18 20:11:05,好吃,
1,看出来了,2024-10-18 20:12:59,出来,
1,好香,2024-10-18 20:13:07,好香,
0,这个焦糖芝士蛋糕超超超超超超超超级好吃,2024-10-18 20:37:44,"焦糖, 芝士, 蛋糕, 超超, 超超, 超超超, 超级, 好吃",
0,我要偷师学艺,2024-10-18 20:40:32,"偷, 师学艺",
0,我是华尔街之狼,2024-10-19 09:50:08,"华尔街, 狼",
1,看不懂,2024-10-19 09:53:05,看不懂,
0,信贷和投资回报率,2024-10-19 09:53:23,"信贷, 投资, 回报率",
0,没事我也刚懂,2024-10-19 09:53:30,"没事, 懂",
1,[捂脸][捂脸],2024-10-19 09:54:05,,"[捂脸], [捂脸]"
1,我晚上6点去你家？,2024-10-19 11:26:03,"点去, 你家",
0,六点半吧,2024-10-19 11:26:35,六点半,
0,我去买东西,2024-10-19 11:26:40,买,
0,你别买了,2024-10-19 11:26:43,"你别, 买",
0,或者一起去买，你看着点？,2024-10-19 11:27:18,"一起, 买, 看着",
1,没事，我门口就是match，我买了带过来得了,2024-10-19 11:27:36,"没事, 门口, match, 买, 带, 过来",
0,不能让你付钱，你都做饭了，多不好意思,2024-10-19 11:27:42,"不能, 付钱, 做饭, 不好意思",
0,你什么时候去，我去找你吧,2024-10-19 11:28:17,找,
1,你不是要打下手吗[旺柴]做个火锅又没含金量，切切菜就行了,2024-10-19 11:29:38,"打下手, 做个, 火锅, 含金量, 切切, 菜, 就行了",[旺柴]
0,5点match见,2024-10-19 11:39:14,"match, 见",
1,去哪家match,2024-10-19 11:39:31,"哪家, match",
0,你家门口,2024-10-19 11:39:56,家门口,
0,你发定位给我,2024-10-19 11:40:07,定位,
1,okok,2024-10-19 11:40:14,okok,
0,他最好是很有用,2024-10-19 11:40:32,"最好, 有用",
0,债券发行,2024-10-19 12:51:53,"债券, 发行",
1,ok我出门,2024-10-19 16:55:34,"ok, 出门",
0,你家是有多近,2024-10-19 16:55:52,"你家, 多近",
1,2分钟,2024-10-19 16:57:11,分钟,
0,有人要迟到了,2024-10-19 16:58:10,迟到,
0,拍一下,2024-10-19 17:00:58,拍,
1,我到家了,2024-10-19 22:49:12,家,
1,发卡忘给你了,2024-10-19 22:49:18,"发卡, 忘",
0,这么快,2024-10-19 22:50:09,快,
0,没事keep it,2024-10-19 22:50:19,"没事, keep",
0,挺好看的,2024-10-19 22:50:29,好看,
0,早点休息,2024-10-19 22:51:46,"早点, 休息",
0,晚安,2024-10-19 22:51:52,晚安,
1,晚安,2024-10-19 22:52:04,晚安,
1,你算命的舍友微信能推我下吗,2024-10-20 08:31:32,"算命, 舍友, 微信, 推",
0,Ok包的,2024-10-20 09:08:36,"Ok, 包",
0,给我拍我画的荷鲁斯之眼,2024-10-20 09:09:13,"拍, 画, 荷, 鲁斯之, 眼",
0,下次那个眼珠给你用蓝色我觉得会更好看,2024-10-20 09:13:40,"眼珠, 蓝色, 更好",
1,好好好,2024-10-20 09:14:24,好好,
0,我电脑重启了，然后写的雅思作文笔记和自己的作文全都消失了,2024-10-20 14:45:28,"电脑, 重启, 雅思, 作文, 笔记, 作文, 全都, 消失",
1,找不回来了吗,2024-10-20 14:46:28,"找, 回来",
0,素,2024-10-20 15:02:11,素,
0,没关系，还好我有手写一份模版在本子上,2024-10-20 15:02:47,"没关系, 还好, 手写, 一份, 模版, 本子",
0,传统学习方式大胜利,2024-10-20 15:03:07,"传统, 学习, 方式, 胜利",
1,那就好,2024-10-20 15:08:29,那就好,
0,你一般在crous 自习室学吗,2024-10-20 15:08:52,"crous, 自习室, 学",
1,在家学,2024-10-20 15:09:08,"在家, 学",
0,为啥不去自习室，条件多好,2024-10-20 15:09:33,"为啥, 不去, 自习室, 条件, 多好",
1,一想到只是把东西搬到楼下再搬回来就不想动了,2024-10-20 15:10:09,"想到, 搬, 楼下, 搬回来, 不想, 动",
0,哈哈哈哈,2024-10-20 15:10:19,哈哈哈哈,
0,不就拿个电脑吗,2024-10-20 15:10:30,电脑,
0,顶多拿个充电器,2024-10-20 15:10:37,"顶多, 拿个, 充电器",
1,还要穿衣服,2024-10-20 15:11:25,穿衣服,
0,你可以不穿,2024-10-20 15:12:23,穿,
0,你孤立他们所有人,2024-10-20 15:12:32,"孤立, 所有人",
0,只要你不尴尬，尴尬的就是他们,2024-10-20 15:13:34,"尴尬, 尴尬",
1,我会尴尬,2024-10-20 15:13:51,"我会, 尴尬",
0,连云港有很多海吗,2024-10-20 19:11:25,"连云港, 海",
0,我记得江苏不是内地吗,2024-10-20 19:11:40,"记得, 江苏, 内地",
1,[捂脸],2024-10-20 19:38:48,,[捂脸]
1,你看看地图,2024-10-20 19:38:52,"看看, 地图",
1,江苏3个城市沿海,2024-10-20 19:39:16,"江苏, 城市, 沿海",
0,我也想去海边玩,2024-10-20 21:37:28,"海边, 玩",
0,你们平常是不是可以赶海,2024-10-20 21:37:47,"平常, 是不是, 赶海",
0,捡贝壳，捡石头，晒日光浴,2024-10-20 21:38:05,"捡, 贝壳, 捡, 石头, 晒, 日光浴",
0,这边我只去过巴塞罗那的海,2024-10-20 21:38:17,"去过, 巴塞罗那, 海",
0,法国不知道哪里有,2024-10-20 21:38:25,法国,
1,江苏沿海没什么好玩的主要是淤泥和基岩海岸,2024-10-20 21:43:35,"江苏, 沿海, 没什么, 好玩, 淤泥, 基岩, 海岸",
1,吃海鲜可以,2024-10-20 21:43:43,吃海鲜,
0,哈哈哈哈,2024-10-20 21:43:51,哈哈哈哈,
0,有海鸥吗,2024-10-20 21:44:06,海鸥,
0,寄居蟹？,2024-10-20 21:44:49,寄居蟹,
0,第一次见哎,2024-10-20 21:44:54,"第一次, 见",
1,捡一盆，养不活，海水还会臭掉[捂脸],2024-10-20 21:45:45,"捡, 一盆, 养不活, 海水, 还会, 臭, 掉",[捂脸]
0,你敢用手拿也挺厉害的,2024-10-20 21:46:00,"敢, 手, 厉害",
0,这东西掉我手上我能从江苏甩到日本,2024-10-20 21:46:26,"掉, 手上, 我能, 江苏, 甩, 日本",
1,不知道什么螺，捡到螃蟹放进去，螃蟹被一群螺生啃[旺柴],2024-10-20 21:46:58,"螺, 捡, 螃蟹, 放进去, 螃蟹, 一群, 螺生, 啃",[旺柴]
0,我也想赶海[流泪][流泪]每次刷到那种赶海视频都巨羡慕,2024-10-20 21:47:27,"赶海, 每次, 刷到, 赶海, 视频, 巨, 羡慕","[流泪], [流泪]"
0,太地狱了,2024-10-20 21:48:06,地狱,
1,人多资源少，挖不到什么好的,2024-10-20 21:48:26,"人多, 资源, 挖, 不到",
1,还是欧洲好,2024-10-20 21:48:32,欧洲,
0,巴塞的海鸥超级大,2024-10-20 21:48:50,"巴塞, 海鸥, 超级",
0,而且超级凶,2024-10-20 21:48:59,"超级, 凶",
1,请它吃crous薯条,2024-10-20 21:49:12,"请, 吃, crous, 薯条",
0,它会抢,2024-10-20 21:49:34,"它会, 抢",
0,海鸥喜欢吃芝士片,2024-10-20 21:50:28,"海鸥, 喜欢, 吃, 芝士, 片",
1,鸟不怕人，和国内太不一样了,2024-10-20 21:50:32,"鸟, 国内",
1,回国变成海鸥汤,2024-10-20 21:50:50,"回国, 变成, 海鸥, 汤",
0,感觉应该是海鸥可食用部分不多,2024-10-20 21:51:35,"海鸥, 可食用",
0,或者不好吃,2024-10-20 21:51:39,好吃,
0,不然国人早引进了,2024-10-20 21:51:49,"国人, 早, 引进",
1,为什么在这边能繁衍这么多,2024-10-20 21:52:23,繁衍,
1,满大街走地鸽子，车来了也不躲,2024-10-20 21:52:41,"满大街, 走地, 鸽子, 车来, 躲",
0,法国不知道,2024-10-20 21:52:51,法国,
1,然后在地上看到鸽子饼,2024-10-20 21:52:56,"地上, 鸽子, 饼",
0,英国应该是鸽子都隶属于英国女王,2024-10-20 21:53:04,"英国, 鸽子, 隶属于, 英国女王",
0,属于皇室财产,2024-10-20 21:53:09,"属于, 皇室, 财产",
0,没人感动,2024-10-20 21:53:15,感动,
1,鸽子女王的天鹅也女王的[捂脸],2024-10-20 21:53:35,"鸽子, 女王, 天鹅, 女王",[捂脸]
0,好好好,2024-10-20 21:53:50,好好,
1,现在是国王的了,2024-10-20 21:53:52,国王,
0,好想去海边,2024-10-20 21:54:15,海边,
1,天太冷了,2024-10-20 21:54:35,"天, 太冷",
0,我去年去的时候是2月应该,2024-10-20 21:54:53,去年,
1,好梦幻,2024-10-20 21:54:56,梦幻,
0,20多度,2024-10-20 21:55:01,多度,
0,调色调的,2024-10-20 21:55:14,"调, 色调",
1,还挺热的,2024-10-20 21:55:18,热,
0,但是马德里很冷,2024-10-20 21:55:29,"马德里, 冷",
0,冷爆,2024-10-20 21:55:36,冷爆,
1,确实这个海颜色很深,2024-10-20 21:55:39,"确实, 海, 颜色, 很深",
0,今年我想去南法的海看看,2024-10-20 21:56:12,"南法, 海, 看看",
0,听说马赛有,2024-10-20 21:56:20,"听说, 马赛",
0,海,2024-10-20 21:57:15,海,
0,去年我找实习,2024-10-20 21:57:22,"去年, 找, 实习",
1,废话[捂脸],2024-10-20 21:57:28,废话,[捂脸]
0,差点找到antibe,2024-10-20 21:57:31,"差点, 找到, antibe",
0,最后还是决定回国了,2024-10-20 21:57:42,"最后, 决定, 回国",
0,只是一个平平无奇的想家的小女孩,2024-10-20 21:57:56,"平平, 无奇, 想家, 小女孩",
1,回国实习吗,2024-10-20 21:57:57,"回国, 实习",
0,说是实习,2024-10-20 21:58:03,实习,
0,其实在家里躺了4个月,2024-10-20 21:58:13,"其实, 家里, 躺",
0,[调皮],2024-10-20 21:58:18,,[调皮]
1,爽死了,2024-10-20 21:58:20,爽死,
0,素,2024-10-20 21:58:23,素,
0,而且没人管我主要是,2024-10-20 21:58:32,没人管,
0,我妈上班,2024-10-20 21:58:36,"我妈, 上班",
1,你家在哪,2024-10-20 21:58:40,你家,
0,范小颖上学,2024-10-20 21:58:47,"范小颖, 上学",
0,家里就我和猫,2024-10-20 21:58:53,"家里, 猫",
1,更爽了,2024-10-20 21:59:04,更爽,
0,在西安长安区韦曲街道206家属院1703,2024-10-20 21:59:11,"西安, 长安区, 韦曲, 街道, 家属院",
1,我去，给这么详细的地址,2024-10-20 21:59:32,"详细, 地址",
1,[捂脸]注意安全吧,2024-10-20 21:59:48,注意安全,[捂脸]
0,相信你,2024-10-20 22:00:07,相信,
1,我家在长江边上,2024-10-20 22:00:40,"我家, 长江, 边上",
1,但我不爱出门,2024-10-20 22:00:45,"爱, 出门",
0,我都没去过长江,2024-10-20 22:00:52,"去过, 长江",
1,我妈和我弟会去江边散步,2024-10-20 22:00:56,"我妈, 弟会, 江边, 散步",
1,然后坐船到对岸,2024-10-20 22:01:03,"坐船到, 对岸",
0,我在国内没有去过海边,2024-10-20 22:01:04,"国内, 去过, 海边",
1,只要扫公交码就行,2024-10-20 22:01:18,"扫, 公交, 码就行",
0,好好玩的感觉,2024-10-20 22:01:20,好玩,
1,电瓶车也可以上船,2024-10-20 22:01:27,"电瓶车, 上船",
1,所以有时候点外卖点对岸的，能看到外卖在江上飘着,2024-10-20 22:01:48,"有时候, 点外, 卖点, 对岸, 外卖, 江上, 飘",
0,那岂不是在船上可以钓外卖吃,2024-10-20 22:02:53,"岂, 船上, 钓, 外卖, 吃",
0,我勒个长江外送,2024-10-20 22:03:06,"我勒个, 长江, 外送",
0,你晕船吗,2024-10-20 22:03:15,晕船,
1,不晕船,2024-10-20 22:03:27,晕船,
1,坐船去对岸很快的，15分钟,2024-10-20 22:03:42,"坐船去, 对岸, 很快, 分钟",
0,我也想玩,2024-10-20 22:03:57,玩,
0,在这里只能坐塞纳游船过过瘾了,2024-10-20 22:04:27,"塞纳, 游船, 过过瘾",
1,还是游船好玩,2024-10-20 22:04:44,"游船, 好玩",
1,这个就是比较生活化,2024-10-20 22:04:51,"比较, 生活化",
1,江上公交车,2024-10-20 22:05:04,"江, 公交车",
1,如果要上露天的那一层要额外交15块钱,2024-10-20 22:05:23,"露天, 一层, 要额, 外交, 块钱",
1,一层停电动车,2024-10-20 22:05:34,"一层, 停, 电动车",
0,什么叫江上公交车,2024-10-20 22:05:37,"叫江上, 公交车",
1,二层坐人,2024-10-20 22:05:42,"二层, 坐人",
0,就是游轮🚢呗,2024-10-20 22:05:46,游轮,
0,好松弛,2024-10-20 22:06:44,松弛,
0,松弛感江苏人,2024-10-20 22:06:50,"松弛, 感, 江苏",
0,你准备什么时候回国吗,2024-10-20 22:07:45,"准备, 回国",
1,没准备,2024-10-20 22:08:02,准备,
1,被退学了回国[捂脸],2024-10-20 22:08:11,"退学, 回国",[捂脸]
0,相信自己,2024-10-20 22:08:44,相信,
1,也是打过卡了,2024-10-20 22:12:22,"打过, 卡",
0,没去过西安差评,2024-10-20 22:12:47,"去过, 西安, 差评",
0,其实宁夏，中卫那边有沙漠🏜️，也很好看，感觉渭南没啥玩的,2024-10-20 22:13:32,"其实, 宁夏, 中卫, 沙漠, 好看, 渭南, 玩",
1,去了，但是人太多了体验不好,2024-10-20 22:13:40,"人太多, 体验, 不好",
1,这是最搞笑的一个,2024-10-20 22:13:57,搞笑,
1,太空上的兵马俑,2024-10-20 22:14:07,"太空, 兵马俑",
0,笑死,2024-10-20 22:14:12,笑死,
0,我们西安也是走向宇宙了,2024-10-20 22:14:20,"西安, 走向, 宇宙",
0,我小时候西安就是三线小城市,2024-10-20 22:15:23,"小时候, 西安, 三线, 城市",
0,没什么人,2024-10-20 22:15:30,没什么,
0,灞桥那边人比较少，好多人在那钓鱼,2024-10-20 22:15:50,"灞桥, 比较, 钓鱼",
1,天天刷视频看人点毛细二细,2024-10-20 22:16:17,"刷, 视频, 看人点, 毛细, 二细",
0,不好吃你也得说好吃,2024-10-20 22:16:44,"好吃, 好吃",
1,那肯定啊,2024-10-20 22:17:01,肯定,
0,沙漠腹地没什么人，还可以开那个越野车,2024-10-20 22:17:33,"沙漠, 腹地, 没什么, 越野车",
0,爽,2024-10-20 22:17:36,爽,
1,没去过西边也没去过沙漠,2024-10-20 22:17:45,"去过, 西边, 去过, 沙漠",
0,下次回国去,2024-10-20 22:18:18,回国,
1,听说这个沙子可以吸湿气[捂脸],2024-10-20 22:18:30,"听说, 沙子, 吸湿, 气",[捂脸]
0,但是我感觉你挺暖和的应该不太需要,2024-10-20 22:19:31,"暖和, 不太, 需要",
0,我体寒,2024-10-20 22:19:50,"我体, 寒",
0,而且我的房间只有一个暖气片，每次一到冬天就是冰窖,2024-10-20 22:20:30,"房间, 暖气片, 每次, 一到, 冬天, 冰窖",
1,不清楚，但我在国内离不开空调,2024-10-20 22:20:43,"清楚, 国内, 离不开, 空调",
0,你们crous 不开暖气吗,2024-10-20 22:21:17,"crous, 暖气",
0,感觉法国政府应该挺舍得给的,2024-10-20 22:21:32,"法国政府, 舍得",
0,你看看那个开关是不是没有调好,2024-10-20 22:21:46,"看看, 开关, 是不是, 调",
1,这暖气打开了没反应，我在网上看好像11月才供暖,2024-10-20 22:21:47,"暖气, 反应, 网上, 供暖",
0,那也快了,2024-10-20 22:22:03,快,
0,建议买个电热毯,2024-10-20 22:22:17,"建议, 买个, 电热毯",
1,我带了电热毯,2024-10-20 22:22:33,"带, 电热毯",
0,好好好,2024-10-20 22:22:44,好好,
0,这个周五考试,2024-10-20 22:23:12,"周五, 考试",
0,完全不想复习怎么办,2024-10-20 22:23:22,"完全, 不想, 复习",
1,加油吧,2024-10-20 22:23:33,加油,
0,想开摆,2024-10-20 22:23:36,"想开, 摆",
1,死到临头就后悔了，像我一样,2024-10-20 22:23:48,"死到, 临头, 后悔",
0,哈哈哈哈哈你咋了,2024-10-20 22:23:55,哈哈哈,
1,我习惯这样,2024-10-20 22:24:16,习惯,
0,你是ddl 战神,2024-10-20 22:24:33,"ddl, 战神",
0,Ddl 前后悔，哪次没赶上过,2024-10-20 22:24:51,"Ddl, 后悔, 哪次, 赶上",
0,不都交了,2024-10-20 22:24:57,交,
1,不一定,2024-10-20 22:25:14,一定,
1,从小到大感觉没完成过假期作业,2024-10-20 22:25:51,"从小到大, 完成, 假期作业",
0,谁写假期作业啊,2024-10-20 22:26:04,假期作业,
0,老师又不看,2024-10-20 22:26:10,老师,
0,我妈会看,2024-10-20 22:26:22,我妈会,
1,对，没人看，所以我就撕的薄薄的,2024-10-20 22:26:45,"没人, 撕, 薄薄的",
0,没给人发现了,2024-10-20 22:26:59,发现,
1,你妈好严格,2024-10-20 22:27:11,"妈, 严格",
0,小时候严格,2024-10-20 22:28:13,"小时候, 严格",
0,长大了放养,2024-10-20 22:28:19,"长大, 放养",
0,也不是说放养，她知道她管不了我了,2024-10-20 22:28:34,"放养, 管不了",
0,我会和她讲道理,2024-10-20 22:28:46,"我会, 讲道理",
1,翅膀硬了,2024-10-20 22:29:26,"翅膀, 硬",
0,她会说 还好我把你送出去，我的见识阅历有限什么的,2024-10-20 22:30:16,"还好, 送出去, 见识, 阅历, 有限",
0,你们家也很开明啊,2024-10-20 22:30:47,"家, 开明",
0,主动希望你留在这边,2024-10-20 22:31:00,"主动, 希望, 留在",
1,教育上是开明的,2024-10-20 22:31:06,"教育, 开明",
1,是我太贪心,2024-10-20 22:33:26,"是我太, 贪心",
0,任何关系的建立都是在沟通基础上的，如果你一直在这边，其实内耗也会轻一点,2024-10-20 22:33:38,"关系, 建立, 沟通, 基础, 其实, 内耗, 轻",
0,不贪心啊，有希望总是好的嘛，谁不希望呢,2024-10-20 22:34:23,"贪心, 希望, 总是, 希望",
0,因为每个人都是独立的个体，只有自己开心才是自己的课题，其他的都是因为想要干涉别人的课题所产生的烦恼，可是因为爱就会想要干涉，就是代偿焦虑,2024-10-20 22:36:19,"每个, 独立, 个体, 开心, 课题, 是因为, 想要, 干涉, 别人, 课题, 产生, 烦恼, 爱, 想要, 干涉, 代偿, 焦虑",
0,昨天我妈给我打电话给我骂了一顿,2024-10-20 22:36:36,"我妈, 打电话, 骂, 一顿",
0,就是因为她承担了属于我的焦虑,2024-10-20 22:36:49,"承担, 属于, 焦虑",
0,所以你不要太担心啦,2024-10-20 22:39:52,"不要, 担心",
1,然后我就在心里估计哪些东西说了会被唠叨,2024-10-20 22:39:54,"心里, 估计, 唠叨",
0,我希望你开心,2024-10-20 22:39:58,"希望, 开心",
0,没关系你可以选择,2024-10-20 22:40:10,"没关系, 选择",
0,如果你觉得说出来对你内耗更大可以不说，如果你觉得可以沟通，愿意沟通就说出来,2024-10-20 22:41:01,"出来, 内耗, 更大, 不说, 沟通, 愿意, 沟通, 出来",
0,没什么很重要，自己最重要,2024-10-20 22:41:23,"没什么, 重要, 重要",
1,看不到希望才不想沟通了，代沟么，他们转不过弯来,2024-10-20 22:41:44,"看不到, 希望, 不想, 沟通, 代沟, 转, 弯来",
0,那也没必要,2024-10-20 22:42:08,必要,
0,你以后也不和他们生活,2024-10-20 22:42:15,生活,
0,也不住在一起,2024-10-20 22:42:24,住在一起,
0,你会有自己的家庭,2024-10-20 22:42:29,家庭,
1,万一追过来了[捂脸],2024-10-20 22:42:41,追过来,[捂脸]
0,不会，你还是会每年回国看看他们的啊,2024-10-20 22:43:03,"每年, 回国, 看看",
1,还好有海关,2024-10-20 22:43:08,"还好, 海关",
0,别和我说你不想家,2024-10-20 22:43:09,"不想, 家",
0,一年抽两个周回去看看，他们宝贝的跟什么一样,2024-10-20 22:43:44,"一年, 抽, 周, 回去, 看看, 宝贝",
0,既不会影响自己的生活节奏，还能和家人维持一个比较好的关系,2024-10-20 22:44:11,"影响, 生活节奏, 家人, 维持, 比较, 关系",
0,洗澡去了,2024-10-20 22:45:24,洗澡,
0,晚安捏,2024-10-20 22:45:27,"晚安, 捏",
1,晚安,2024-10-20 22:45:34,晚安,
0,今天有课吗,2024-10-21 12:12:17,有课,
1,有课,2024-10-21 12:21:20,有课,
1,下午1点上课中午还是回来了,2024-10-21 12:21:34,"上课, 回来",
1,换个手机卡，用上5g了,2024-10-21 12:21:51,"换个, 手机卡, 5g",
0,你家那么远,2024-10-21 12:21:51,"你家, 远",
0,今天怎么不吃crous 了,2024-10-21 12:22:00,"不吃, crous",
0,好好好,2024-10-21 12:22:03,好好,
1,带回来吃了,2024-10-21 12:22:17,"带, 回来, 吃",
0,5g会让你回我信息快点吗,2024-10-21 12:22:23,"5g, 回, 信息, 快点",
0,好好好,2024-10-21 12:22:35,好好,
0,看着就很白人饭,2024-10-21 12:22:42,"看着, 白人, 饭",
1,蔬菜丁比乱七八遭的米饭好,2024-10-21 12:23:17,"蔬菜, 丁比乱, 七八, 遭, 米饭",
0,我吃tacos,2024-10-21 12:23:20,"吃, tacos",
0,支持,2024-10-21 12:23:22,支持,
1,又吃,2024-10-21 12:23:24,吃,
0,今天很不想做饭,2024-10-21 12:23:30,"不想, 做饭",
0,好累,2024-10-21 12:23:32,累,
0,虽然今天没课,2024-10-21 12:23:44,没课,
1,确实累,2024-10-21 12:24:16,"确实, 累",
1,没课就休息吧,2024-10-21 12:24:21,"没课, 休息",
0,Bon appétit !,2024-10-21 12:24:37,"Bon, app, tit",
1,Bon appétit,2024-10-21 12:24:53,"Bon, app, tit",
1,浪漫法国人,2024-10-21 15:03:42,"浪漫, 法国人",
1,讲了一节课amours,2024-10-21 15:03:51,"一节课, amours",
1,回去作业是写情书,2024-10-21 15:03:59,"回去, 作业, 情书",
0,大写特写,2024-10-21 15:09:22,"大写, 特写",
0,大文豪,2024-10-21 15:10:15,文豪,
0,电脑吗,2024-10-21 15:16:28,电脑,
0,你不是学计算机吗,2024-10-21 15:16:36,"学, 计算机",
1,法语课,2024-10-21 15:16:58,"法语, 课",
1,语言作业,2024-10-21 15:17:04,"语言, 作业",
0,他让你们手写还是纸写啊,2024-10-21 15:17:11,"手写, 纸写",
0,好好好,2024-10-21 15:17:14,好好,
1,随便应该,2024-10-21 15:17:31,随便,
0,浪漫法国人,2024-10-21 15:17:52,"浪漫, 法国人",
0,给他们见识一下中国人的浪漫,2024-10-21 15:18:07,"见识一下, 中国, 浪漫",
0,写个文言文,2024-10-21 15:18:11,"写个, 文言文",
0,翻成法文,2024-10-21 15:18:25,"翻, 法文",
1,你写法语文言文去,2024-10-21 15:18:34,"法语, 文言文",
1,上课的时候比谁浪漫的，贼搞笑,2024-10-21 15:19:03,"上课, 浪漫, 贼, 搞笑",
0,我只会描述理想场景,2024-10-21 15:19:05,"只会, 描述, 理想, 场景",
0,应该也算浪漫,2024-10-21 15:19:12,浪漫,
0,而且很实际也,2024-10-21 15:19:25,实际,
1,就是学各种表达，挺有意思的,2024-10-21 15:20:44,"学, 表达, 有意思",
1,然后找人说浪漫的场景，什么飞机拉横幅那种离谱的,2024-10-21 15:21:04,"找人, 浪漫, 场景, 飞机, 拉, 横幅, 离谱",
0,哦哦哈哈哈哈,2024-10-21 15:21:15,哈哈哈哈,
1,你说的那个利用率低的朝鲜蓟也有个表达,2024-10-21 15:21:34,"利用率, 低, 朝鲜, 蓟, 表达",
1,un cœur d'artichaut,2024-10-21 15:22:00,"un, ur, artichaut",
0,那你憋半天,2024-10-21 15:22:00,"憋, 半天",
0,我以为你没看见呢,2024-10-21 15:22:06,看见,
0,好好好,2024-10-21 15:22:12,好好,
0,哈哈哈哈哈,2024-10-21 15:22:14,哈哈哈,
1,看见了,2024-10-21 15:22:14,看见,
0,Coup de foudre ,2024-10-21 15:22:33,"Coup, de, foudre",
0,一见钟情,2024-10-21 15:22:37,一见钟情,
1,太多了，学不过来法国人,2024-10-21 15:23:41,"太多, 学不, 过来, 法国人",
0,好好好,2024-10-21 15:24:43,好好,
1,就是un cœur froid ，比如你喜欢一个人，但是他朝三暮四然后你就可以说这个,2024-10-21 15:26:12,"un, ur, froid, 喜欢, 朝三暮四",
0,好好好,2024-10-21 15:27:00,好好,
0,冰冷心事,2024-10-21 15:27:08,"冰冷, 心事",
0,我手机要没电了，回去聊,2024-10-21 15:27:48,"手机, 没电, 回去, 聊",
1,没事你忙吧,2024-10-21 15:28:21,"没事, 忙",
0,终于充上电了,2024-10-21 18:05:08,"终于, 充上, 电",
0,刚去Zara买了两件新衣服,2024-10-21 18:05:24,"刚去, Zara, 买, 两件, 衣服",
0,结果没带充电宝，手机关机,2024-10-21 18:05:38,"没带, 充电, 宝, 手机, 关机",
0,下课了下课了,2024-10-23 17:25:23,"下课, 下课",
1,在图书馆,2024-10-23 17:25:54,图书馆,
1,art这里,2024-10-23 17:25:57,art,
1,2楼,2024-10-23 17:26:02,楼,
0,我到家啦,2024-10-23 22:43:19,家,
0,谢谢你愿意和我讲这么多,2024-10-23 22:43:41,"谢谢, 愿意",
0,我很开心,2024-10-23 22:43:46,开心,
1,我也到家了,2024-10-23 22:46:42,家,
1,我也很开心,2024-10-23 22:46:51,开心,
1,明天好好考试,2024-10-23 22:46:55,"好好, 考试",
0,你早点休息,2024-10-23 22:47:58,"早点, 休息",
1,晚安,2024-10-23 22:48:32,晚安,
0,晚安,2024-10-23 22:48:37,晚安,
0,早,2024-10-24 06:04:44,早,
1,早,2024-10-24 06:56:42,早,
1,我也醒了,2024-10-24 06:56:45,醒,
0,今天又没课,2024-10-24 07:00:38,没课,
0,起这么早,2024-10-24 07:00:42,早,
0,再睡会,2024-10-24 07:00:47,睡会,
1,昨晚睡的早,2024-10-24 07:00:56,"昨晚, 睡, 早",
1,然后早上想到你,2024-10-24 07:01:27,想到,
1,很高兴,2024-10-24 07:01:31,高兴,
1,就清醒了,2024-10-24 07:01:37,清醒,
0,那我要当你早上第一个想到的和晚上睡前最后一个想到的,2024-10-24 07:02:49,"第一个, 想到, 睡前, 最后, 想到",
1,包的,2024-10-24 07:03:25,包,
0,外面起雾降温了,2024-10-24 09:40:45,"起雾, 降温",
0,你下午出来多穿点,2024-10-24 09:40:51,"出来, 穿点",
0,雾超级大,2024-10-24 09:41:19,"雾, 超级",
1,你多穿了吗,2024-10-24 09:41:48,穿,
0,包的,2024-10-24 09:43:44,包,
0,今天穿毛衣,2024-10-24 09:43:48,"穿, 毛衣",
1,穿毛衣你下午会热的[旺柴],2024-10-24 09:44:35,"穿, 毛衣, 热",[旺柴]
0,脱了裸奔,2024-10-24 09:45:08,"脱, 裸奔",
1,"我拍了拍 ""范艺佳"" 然后被我反杀",2024-10-24 09:45:28,"拍了拍, 范艺佳, 反杀",
1,别裸奔,2024-10-24 09:45:31,裸奔,
1,那还是穿上吧,2024-10-24 09:45:37,穿,
0,我攻击性比较强,2024-10-24 09:45:40,"攻击性, 比较, 强",
0,哈哈哈哈哈哈哈,2024-10-24 09:45:42,"哈哈哈哈, 哈哈哈",
0,"""范艺佳"" 拍了拍我",2024-10-24 09:45:48,"范艺佳, 拍了拍",
0,又来吃💩了,2024-10-24 11:42:36,吃,
1,土豆没削皮,2024-10-24 11:48:33,"土豆, 削皮",
1,我还没做饭,2024-10-24 11:48:48,做饭,
0,准备吃啥,2024-10-24 11:49:21,"准备, 吃",
0,下午几点上课,2024-10-24 11:49:25,上课,
1,买个肉随便煮点,2024-10-24 11:50:41,"买个, 肉, 随便, 煮",
1,今天没课,2024-10-24 11:50:45,没课,
0,刚上了一节刑法课,2024-10-24 11:51:21,"刚上, 一节, 刑法, 课",
0,商业犯罪,2024-10-24 11:51:28,"商业, 犯罪",
0,听懂2%,2024-10-24 11:51:36,"听懂, 2%",
1,提篮桥女子监狱,2024-10-24 11:52:23,"提篮桥, 女子监狱",
1,吃肉对健康好,2024-10-24 11:52:31,"吃, 肉, 健康",
0,我也爱吃,2024-10-24 11:52:49,"爱, 吃",
1,你吃,2024-10-24 11:58:58,吃,
0,[亲亲][亲亲][亲亲],2024-10-24 12:02:23,,"[亲亲], [亲亲], [亲亲]"
0,谢谢你,2024-10-24 12:02:46,谢谢,
1,我26的路线,2024-10-24 15:14:16,路线,
0,好家伙,2024-10-24 15:15:07,好家伙,
0,时间管理大师,2024-10-24 15:15:13,"时间, 管理, 大师",
0,那你们都没有自由活动时间了,2024-10-24 15:15:23,"自由, 活动, 时间",
0,三点到6点,2024-10-24 15:15:36,三点,
1,中午吃饭是自由活动,2024-10-24 15:15:41,"吃, 自由, 活动",
1,但是建议自带三明治,2024-10-24 15:15:48,"建议, 自带, 三明治",
0,好好好,2024-10-24 15:15:59,好好,
0,哈哈哈哈,2024-10-24 15:16:06,哈哈哈哈,
0,你以前去过巴黎没,2024-10-24 15:16:13,"去过, 巴黎",
0,只是路过呗,2024-10-24 15:16:16,路过,
1,路过,2024-10-24 15:16:26,路过,
0,那你们没有时间逛卢浮宫了,2024-10-24 15:16:58,"时间, 逛, 卢浮宫",
0,卢浮宫要逛一天也,2024-10-24 15:17:13,"卢浮宫, 逛",
0,想和你坐那个塞纳河游船,2024-10-24 15:17:28,"塞纳河, 游船",
0,我还没写旅游计划呢，明天考完写,2024-10-24 15:18:23,"旅游, 计划, 考完",
0,卢浮宫的票超级漂亮,2024-10-24 15:18:56,"卢浮宫, 票, 超级, 漂亮",
0,其实我就是懒,2024-10-24 15:19:26,"其实, 懒",
0,提前安排好可以节省时间,2024-10-24 15:19:41,"提前, 安排, 节省时间",
0,曾陈衣，今年和我一起来ICN的同学,2024-10-24 15:20:19,"曾, 陈衣, 起来, ICN, 同学",
0,[亲亲][亲亲][亲亲],2024-10-24 15:20:55,,"[亲亲], [亲亲], [亲亲]"
1,[亲亲][亲亲][亲亲],2024-10-24 15:21:09,,"[亲亲], [亲亲], [亲亲]"
0,没关系，ter比较舒服,2024-10-24 17:47:17,"没关系, ter, 比较, 舒服",
1,火车站到广场还挺快的吧,2024-10-24 17:47:55,"火车站, 广场, 挺快",
1,有车坐就行,2024-10-24 17:48:03,有车,
0,没关系没关系,2024-10-24 17:49:15,"没关系, 没关系",
1,还好还好，6欧损失不算太多,2024-10-24 17:51:05,"还好, 还好, 欧, 损失, 不算",
1,考试还要带表，学到了,2024-10-24 17:52:05,"考试, 带表, 学到",
0,你声音好好听啊,2024-10-24 17:52:26,"声音, 好好, 听",
1,你的错觉,2024-10-24 17:53:14,错觉,
0,没有，我是中立客观人,2024-10-24 17:53:36,"中立, 客观",
0,出发啦,2024-10-24 18:28:50,出发,
1,好好好,2024-10-24 18:30:17,好好,
1,在宿舍,2024-10-24 18:37:44,宿舍,
0,景观这么好,2024-10-24 18:38:00,景观,
1,楼下开始疯狂星期四了,2024-10-24 18:38:02,"楼下, 疯狂, 星期四",
0,这是别墅啊,2024-10-24 18:38:04,别墅,
1,每周四餐车来卖5欧大披萨,2024-10-24 18:38:18,"每周, 四, 餐车, 卖, 欧大, 披萨",
0,下次我们也疯狂星期四一把,2024-10-24 18:38:34,"疯狂, 星期四, 一把",
1,我还没尝过,2024-10-24 18:39:17,没尝过,
0,那太好了,2024-10-24 18:39:26,太好了,
0,耶耶耶🧡,2024-10-24 18:39:33,耶耶耶,
1,先做好排队半小时的准备,2024-10-24 18:39:49,"做好, 排队, 半小时, 准备",
0,新的体验,2024-10-24 18:39:53,体验,
1,手工现做,2024-10-24 18:39:59,"手工, 现做",
0,你下去排，我要站在玻璃窗前当总裁,2024-10-24 18:40:17,"下去, 排, 玻璃窗, 前当, 总裁",
0,[调皮],2024-10-24 18:40:22,,[调皮]
0,开玩笑啦[害羞],2024-10-24 18:40:52,开玩笑,[害羞]
0,怎么舍得,2024-10-24 18:40:57,舍得,
1,我知道你开玩笑,2024-10-24 18:41:33,开玩笑,
1,相信你,2024-10-24 18:41:39,相信,
0,你好可爱呀,2024-10-24 18:41:47,"你好, 可爱",
0,还解释一下,2024-10-24 18:41:50,解释一下,
0,终于到青旅了,2024-10-24 21:01:56,"终于, 青旅",
0,我是犟种,2024-10-24 21:04:55,犟种,
1,安全到了就好,2024-10-24 21:06:11,安全,
1,这么晚也能入住吗,2024-10-24 21:06:22,"这么晚, 入住",
0,我这个房间有个中国人,2024-10-24 21:12:29,"房间, 有个, 中国",
0,刚找我搭话来着,2024-10-24 21:12:40,"找, 搭话",
0,累鼠,2024-10-24 21:12:54,累鼠,
1,早点睡觉,2024-10-24 21:13:15,"早点, 睡",
1,要我听啊,2024-10-24 22:16:41,听,
0,听啊,2024-10-24 22:16:46,听,
0,虽然迷路了，但是这个建筑还挺好看的,2024-10-24 22:16:57,"迷路, 建筑, 好看",
1,阿尔萨斯建筑,2024-10-24 22:17:08,"阿尔萨斯, 建筑",
0,专业,2024-10-24 22:17:14,专业,
1,我还得下个网易云,2024-10-24 22:17:24,"下个, 网易, 云",
0,你没网易云？,2024-10-24 22:17:33,"网易, 云",
0,什么原始人,2024-10-24 22:17:37,原始人,
0,你平时用什么听歌,2024-10-24 22:17:45,"平时, 听歌",
1,Apple music,2024-10-24 22:18:21,"Apple, music",
1,网易云歌不全,2024-10-24 22:18:31,"网易, 云歌, 不全",
1,kpop全在扣扣音乐上,2024-10-24 22:18:43,"kpop, 全在, 扣扣, 音乐",
0,好好好,2024-10-24 22:19:11,好好,
1,am转土耳其区，一个月才6块钱,2024-10-24 22:19:13,"转, 土耳其, 区, 一个月, 块钱",
0,那你搜歌名吧,2024-10-24 22:19:37,"搜, 歌名",
0,赶紧听去,2024-10-24 22:19:47,"赶紧, 听",
1,你手机号多少,2024-10-24 22:21:31,手机号,
0,法国中国,2024-10-24 22:22:21,"法国, 中国",
1,法国的吧,2024-10-24 22:22:30,法国,
0,法国0749894216,2024-10-24 22:22:31,法国,
0,你手机也给我存一下吧,2024-10-24 22:22:51,"手机, 我存",
0,Ok,2024-10-24 22:23:24,Ok,
0,存好了,2024-10-24 22:26:13,存好,
1,我靠你什么时候偷拍的,2024-10-24 22:26:27,偷拍,
0,可爱捏,2024-10-24 22:26:29,"可爱, 捏",
1,那发一张你的照片吧,2024-10-24 22:26:52,"那发, 照片",
0,不发,2024-10-24 22:26:58,不发,
0,哎呀以后有的是机会,2024-10-24 22:28:06,机会,
0,我还想给你多拍点呢,2024-10-24 22:28:28,拍点,
0,哈哈哈哈哈哈哈,2024-10-24 22:29:17,"哈哈哈哈, 哈哈哈",
1,玩不玩这个,2024-10-24 22:29:21,"玩, 玩",
0,反正我都没玩过,2024-10-24 22:29:48,"反正, 没玩过",
1,那我在switch上整一个,2024-10-24 22:29:52,"switch, 整一个",
0,你歌听了没,2024-10-24 22:30:19,"歌, 听",
1,我之前在steam上玩，但是在这没有多余的手柄,2024-10-24 22:30:24,"steam, 玩, 多余, 手柄",
1,听了,2024-10-24 22:30:28,听,
1,好古早风,2024-10-24 22:30:34,"好古, 早风",
1,这是多人游戏,2024-10-24 22:31:35,游戏,
1,一起玩吧,2024-10-24 22:31:38,"一起, 玩吧",
0,你教我,2024-10-24 22:31:44,教,
0,晚安,2024-10-24 22:31:56,晚安,
1,晚安,2024-10-24 22:32:06,晚安,
1,考试加油,2024-10-24 22:32:09,"考试, 加油",
1,怪盗基德,2024-10-24 23:27:34,"怪盗, 基德",
1,吃点有营养的,2024-11-03 16:05:40,"吃, 营养",
1,晚上还能去你那睡吗,2024-11-03 16:06:29,睡,
0,包能的,2024-11-03 16:09:37,包能,
0,你明天几点上课,2024-11-03 16:09:43,上课,
1,早上八点半的课,2024-11-03 16:10:29,"八点半, 课",
0,带上你的书包，明天直接去上课,2024-11-03 16:10:32,"带上, 书包, 上课",
0,我早八,2024-11-03 16:10:37,"早, 八",
1,那我就把包带上，洗完澡来，晚上和你吃完饭就早点睡,2024-11-03 16:10:58,"包, 带上, 洗完, 澡来, 吃完饭, 早点, 睡",
0,[亲亲][亲亲][亲亲],2024-11-03 16:11:14,,"[亲亲], [亲亲], [亲亲]"
1,你的平均回复速度比我快点,2024-11-03 17:31:23,"平均, 回复, 速度, 快点",
0,这怎么算出来的,2024-11-03 17:53:01,出来,
0,啥时候过来,2024-11-03 17:57:38,"啥时候, 过来",
1,5分钟,2024-11-03 17:58:51,分钟,
1,在路上了,2024-11-03 17:58:58,路上,
0,注意安全,2024-11-03 17:59:02,注意安全,
0,哇哇哇,2024-11-03 17:59:12,哇哇,
0,好漂亮,2024-11-03 17:59:15,漂亮,
1,飞出来一个x,2024-11-03 17:59:36,"飞, 出来",
1,好奇怪,2024-11-03 17:59:38,奇怪,
0,可能他想飞出来一个捕梦网,2024-11-03 18:00:06,"飞, 出来, 捕梦网",
1,那不太可能吧,2024-11-03 18:00:24,不太可能,
1,我出门了,2024-11-04 08:18:52,出门,
1,感觉不咋饿，但是炫完了,2024-11-04 12:20:35,"饿, 炫完",
1,天太冷,2024-11-04 12:20:44,"天, 太冷",
0,那个奶酪巨咸,2024-11-04 12:28:15,"奶酪, 巨咸",
0,太困了想直接昏迷,2024-11-04 12:28:27,"太困, 昏迷",
0,下午我要穿羽绒服,2024-11-04 12:28:45,"穿, 羽绒服",
1,这个黄皮的还好,2024-11-04 12:31:51,"黄皮, 还好",
0,没办法,2024-11-04 12:32:22,办法,
0,生理期就是很困,2024-11-04 12:32:35,"生理期, 很困",
0,特困生,2024-11-04 12:32:45,特困生,
1,我老师早上穿个短袖，套了个反光T恤骑车来的，像环卫工,2024-11-04 12:32:48,"老师, 穿个, 短袖, 套, 反光, T恤, 骑车来, 环卫工",
0,不冷吗,2024-11-04 12:33:03,不冷,
0,已经躺床上了,2024-11-04 12:33:22,"躺, 床上",
0,2点上课,2024-11-04 12:33:33,上课,
1,不是一点下课吗,2024-11-04 12:33:39,下课,
0,抓住机会就睡,2024-11-04 12:33:43,"抓住机会, 睡",
0,今天下课早,2024-11-04 12:33:52,"下课, 早",
0,今天基本就是各组做pre,2024-11-04 12:34:17,"基本, 各组, pre",
0,做完就下课,2024-11-04 12:34:29,下课,
1,睡吧睡吧,2024-11-04 12:37:30,"睡, 睡",
0,不想起床,2024-11-04 13:52:58,"不想, 起床",
0,不儿,2024-11-04 14:08:04,不儿,
0,原来可以线上啊,2024-11-04 14:08:13,线上,
0,我服了,2024-11-04 14:08:15,我服,
1,不用来学校了吗,2024-11-04 14:50:44,"用来, 学校",
1,布洛芬买了吗,2024-11-04 14:51:14,"布洛芬, 买",
1,我下课了,2024-11-04 14:53:28,下课,
0,不用买，中午找到了冲剂,2024-11-04 14:53:33,"不用, 买, 找到, 冲剂",
1,买药去,2024-11-04 14:53:34,买药,
0,没事,2024-11-04 14:53:39,没事,
0,回家上网课,2024-11-04 14:53:49,"回家, 上网, 课",
0,[好的],2024-11-04 14:53:55,"[, ]",
1,好好好,2024-11-04 14:54:00,好好,
1, 你的lettre d’amour 用词太高级,2024-11-04 14:58:21,"lettre, amour, 用词, 高级",
1,好几个词我还得问老师,2024-11-04 14:58:40,"好几个, 词, 老师",
1,回课，老师让讲自己的histoire ,2024-11-04 14:59:23,"回课, 老师, histoire",
0,不儿,2024-11-04 15:00:38,不儿,
1,我说谢谢老师的cours d’amour让我找到amour了，全班人听我讲故事，然后把你情书念一遍 ,2024-11-04 15:00:40,"谢谢, 老师, cours, amour, 找到, amour, 全班, 听, 讲故事, 情书, 念, 一遍",
0,wok,2024-11-04 15:00:48,wok,
0,我会尴尬死,2024-11-04 15:01:06,"我会, 尴尬, 死",
1,我也尬死,2024-11-04 15:01:12,"也尬, 死",
0,你别讲啊,2024-11-04 15:01:21,你别,
0,别讲别讲,2024-11-04 15:01:28,讲别,
1,毕竟是作业么,2024-11-04 15:02:05,"毕竟, 作业",
1,一个人一个人轮着读，我也没写,2024-11-04 15:02:17,"人轮, 读",
0,不是给你看了那本书,2024-11-04 15:04:33,那本书,
1,原来是书上的,2024-11-04 15:04:59,书上,
1,怪不得她没挑出毛病,2024-11-04 15:05:10,"怪不得, 挑出, 毛病",
1,她估计会认为我找了个法国人吧,2024-11-04 15:05:30,"估计, 认为, 找, 法国人",
1,[捂脸][捂脸][捂脸],2024-11-04 15:05:34,,"[捂脸], [捂脸], [捂脸]"
0,法国也没剧本杀吧,2024-11-04 15:06:20,"法国, 剧本, 杀",
1,jeu de detective,2024-11-04 15:06:40,"jeu, de, detective",
1,不过我没讲那么细啊,2024-11-04 15:06:48,细,
0,以后都不敢去你学校找你了,2024-11-04 15:07:01,"不敢, 学校, 找",
1,就简单讲两句把情书读了就行,2024-11-04 15:07:02,"简单, 两句, 情书, 读",
1,没事,2024-11-04 15:09:03,没事,
0,本来只想秀一下花体英文的.....,2024-11-04 15:10:24,"只想秀, 花体, 英文",
0,这下老实了,2024-11-04 15:10:39,"这下, 老实",
0,太不好意思了,2024-11-04 15:10:57,不好意思,
0,你能再给我讲一遍吗,2024-11-04 15:11:07,一遍,
0,[调皮],2024-11-04 15:11:14,,[调皮]
0,你怎么找到女朋友的,2024-11-04 15:11:38,"找到, 女朋友",
1,和老师就讲了se rencontre depuis un mois然后我有amour au debut de vacance ，然后老师说我为你高兴啥啥啥的,2024-11-04 15:18:52,"老师, se, rencontre, depuis, un, mois, amour, au, debut, de, vacance, 老师, 高兴",
0,好好好,2024-11-04 15:25:46,好好,
0,干嘛,2024-11-04 15:26:50,干嘛,
1,不干嘛,2024-11-04 15:27:16,干嘛,
1,但是今天见不了,2024-11-04 15:27:43,"见, 不了",
0,明天七点下课？,2024-11-04 15:27:54,"七点, 下课",
0,吃kebab不,2024-11-04 15:28:13,"吃, kebab",
0,吃完回图书馆,2024-11-04 15:28:21,"吃, 完回, 图书馆",
1,图书馆那天开到几点,2024-11-04 15:28:44,"图书馆, 那天",
0,一般都九点多吧,2024-11-04 15:28:55,九点,
0,我明天也7点下课,2024-11-04 15:29:15,下课,
1,算了,2024-11-04 15:29:51,算了,
1,不吃饭,2024-11-04 15:29:55,吃,
1,到周三前失联,2024-11-04 15:30:11,"周三, 失联",
1,考完还得补作业,2024-11-04 15:30:44,"考完, 补, 作业",
0,我得周五,2024-11-04 15:30:49,周五,
0,周五才考,2024-11-04 15:30:53,"周五, 考",
1,周四的雅思课作业拖到考完试再写,2024-11-04 15:31:14,"周四, 雅思, 课, 作业, 拖, 考完试",
1,我考完下周还有考试,2024-11-04 15:31:30,"我考, 下周, 考试",
0,好好好,2024-11-04 15:31:35,好好,
1,下下周也有,2024-11-04 15:31:39,下周,
0,我们应该是下下周考,2024-11-04 15:31:56,"下周, 考",
0,11月是考试月,2024-11-04 15:32:03,考试,
0,爆炸,2024-11-04 15:32:05,爆炸,
0,申不上回家种地,2024-11-07 14:55:38,"申不上, 回家, 种地",
1,不可能申不上的,2024-11-07 14:56:21,申不上,
1,你都有这边的学历了,2024-11-07 14:56:35,学历,
1,手到擒来,2024-11-07 14:56:42,手到擒来,
0,我几点过去比较合适,2024-11-07 15:52:01,"过去, 比较, 合适",
1,过去什么,2024-11-07 15:52:29,过去,
0,吃pizza,2024-11-07 15:52:59,"吃, pizza",
0,到时候去晚了都卖完了,2024-11-07 15:53:08,"到时候, 晚, 卖完",
1,我今晚不吃披萨[旺柴],2024-11-07 15:53:21,"今晚, 不吃, 披萨",[旺柴]
0,我吃,2024-11-07 15:53:26,吃,
1,不会的，应该排队到很晚,2024-11-07 15:53:39,"排队, 晚",
0,这个要在哪里买,2024-11-07 15:53:46,买,
1,但你不是复习吗,2024-11-07 15:53:48,复习,
0,你家楼下？,2024-11-07 15:53:52,"你家, 楼下",
1,就在我家楼下,2024-11-07 15:53:57,"我家, 楼下",
1,这个肯定得排队的,2024-11-07 15:54:11,"肯定, 排队",
0,排多久,2024-11-07 15:54:18,"排, 多久",
1,半小时吧,2024-11-07 15:54:29,半小时,
1,我问问我同学帮你带一个？,2024-11-07 15:54:41,"同学, 帮, 带",
0,不要,2024-11-07 15:54:55,不要,
0,我自己排,2024-11-07 15:54:59,排,
1,别排了老不方便了,2024-11-07 15:55:28,"别排, 方便",
1,要不我晚上多整点饭,2024-11-07 15:55:40,"整点, 饭",
1,你上楼来吃饭吧,2024-11-07 15:55:47,"上楼来, 吃",
0,我买完拿上楼吃呗,2024-11-07 15:55:58,"买, 上楼, 吃",
0,一起吃，反正我也吃不完,2024-11-07 15:56:05,"一起, 吃, 反正, 吃不完",
0,顺便尝尝你做的,2024-11-07 15:56:18,"顺便, 尝尝",
0,半小时？！,2024-11-07 15:56:36,半小时,
1,别排了，你要吃我找人带一份,2024-11-07 15:56:58,"别排, 吃, 找, 带, 一份",
0,我到要尝尝能排半小时的pizza什么味道,2024-11-07 15:57:03,"尝尝, 能排, 半小时, pizza, 味道",
0,那多不好意思,2024-11-07 15:57:14,"那多, 不好意思",
0,麻烦人家,2024-11-07 15:57:17,麻烦,
1,男的使唤就得了,2024-11-07 15:57:35,"男, 使唤",
1,你复习吧,2024-11-07 15:57:37,复习,
0,不儿,2024-11-07 15:57:42,不儿,
0,笑死,2024-11-07 15:57:56,笑死,
0,那我要吃这个,2024-11-07 15:58:44,吃,
0,啥时候过去,2024-11-07 15:58:58,"啥时候, 过去",
1,okkk,2024-11-07 15:59:03,okkk,
1,我先问问别人,2024-11-07 15:59:17,"我先, 别人",
0,Ok,2024-11-07 16:05:26,Ok,
0,宝宝我出发了,2024-11-07 18:41:07,"宝宝, 出发",
1,好好好,2024-11-07 18:41:17,好好,
0,超级超级冷,2024-11-07 18:41:27,"超级, 超级, 冷",
1,今天比昨天冷好多,2024-11-07 18:41:43,冷,
0,你饭做好没,2024-11-07 18:41:58,"饭, 做好",
1,准备好了还没炒,2024-11-07 18:42:21,"准备, 炒",
0,饿不饿,2024-11-07 18:44:57,"饿, 饿",
1,现在炒,2024-11-07 18:46:35,炒,
0,还真的是很多人在排队,2024-11-07 18:58:24,"真的, 排队",
0,我考完了,2024-11-08 11:19:32,我考,
1,不错不错,2024-11-08 11:34:51,"不错, 不错",
1,我还没下课,2024-11-08 11:34:56,下课,
1,中午吃饭老外要来一起吃,2024-11-08 11:39:51,"吃, 老外, 一起, 吃",
0,好好好,2024-11-08 11:40:09,好好,
0,你的朋友吗,2024-11-08 11:40:18,朋友,
1,你在图书馆吗,2024-11-08 11:40:21,图书馆,
1,好，我下课找你一起去,2024-11-08 11:40:36,"下课, 找, 一起",
0,你下课发信息，我往下走,2024-11-08 11:40:52,"下课, 信息, 往下走",
1,okok,2024-11-08 11:40:59,okok,
1,我下课了,2024-11-08 12:03:14,下课,
1,okk,2024-11-08 12:06:30,okk,
1,在楼下,2024-11-08 12:06:34,楼下,
1,试到了吗,2024-11-08 15:11:58,试到,
1,好想回去,2024-11-08 15:12:07,回去,
0,刚到市中心,2024-11-08 15:36:27,"刚到, 市中心",
1,这b课一点坐不住,2024-11-08 15:40:48,"课, 坐不住",
1,明天下午学习吗,2024-11-08 15:40:54,学习,
0,站起来发表演说,2024-11-08 15:41:06,"起来, 发表演说",
0,明天下午不是去leclerc吗,2024-11-08 15:41:16,leclerc,
0,明天早上学习,2024-11-08 15:41:39,学习,
1,stationA吗,2024-11-08 15:41:54,stationA,
0,素,2024-11-08 15:42:12,素,
1,逛超市逛不了一个下午,2024-11-08 15:42:22,"逛, 超市, 逛, 不了",
0,九点,2024-11-08 15:43:39,九点,
0,垃圾商场信号不好,2024-11-08 15:43:43,"垃圾, 商场, 信号, 不好",
1,学两个小时,2024-11-08 15:44:36,学,
1,行行行,2024-11-08 15:44:41,行行行,
1,我到时候找你,2024-11-08 15:44:52,"到时候, 找",
0,卖完了我靠,2024-11-08 16:22:11,卖完,
0,只剩蜜粉饼了[流泪][流泪],2024-11-08 16:22:19,"剩, 蜜粉, 饼","[流泪], [流泪]"
0,我服了,2024-11-08 16:22:36,我服,
1,网购开盲盒,2024-11-08 16:22:46,"网购, 盲盒",
0,气垫和粉饼是两个东西,2024-11-08 16:23:01,"气垫, 粉饼",
1,我说你试不了了，所以网购直接买吧,2024-11-08 16:24:29,"试, 不了, 网购, 买",
0,我说网上也断货了,2024-11-08 16:26:05,"网上, 断货",
0,刚出来我就坐那开始网购，结果就没有,2024-11-08 16:26:24,"出来, 网购",
0,[流泪][流泪][流泪],2024-11-08 16:26:30,,"[流泪], [流泪], [流泪]"
1,薅不到羊毛,2024-11-08 16:26:38,"薅, 不到, 羊毛",
1,别伤心了，来吃饭,2024-11-08 16:27:20,"伤心, 吃",
1,"Bonjour ! Je viens de réserver une table sur TheFork au restaurant Le village  le mercredi 13 novembre 2024 à 19:30.
Je t'invite à me rejoindre.

Pour confirmer ta venue, suis ce lien : https://www.thefork.fr/invitation/d17d3c9f-3137-4109-8bb3-fce42e3fb54a?cc=82128-784",2024-11-08 16:27:21,"Bonjour, Je, viens, de, server, une, table, sur, TheFork, au, restaurant, Le, village, le, mercredi, novembre, Je, invite, me, rejoindre, Pour, confirmer, ta, venue, suis, ce, lien, thefork, fr, invitation, d17d3c9f, 8bb3, fce42e3fb54a, cc",
1,预约了13号的晚饭,2024-11-08 16:28:07,"预约, 晚饭",
1,你也来吃,2024-11-08 16:28:10,吃,
0,好好好,2024-11-08 16:29:09,好好,
0,这个没有下一步啊,2024-11-08 16:52:02,一步,
1,没事，这个无所谓,2024-11-08 16:55:13,"没事, 无所谓",
1,人来了就行,2024-11-08 16:55:17,人来,
0,那他怎么知道准备多少人的,2024-11-08 16:56:05,准备,
1,我预订了8个人的,2024-11-08 16:58:31,预订,
0,好好好,2024-11-08 16:58:51,好好,
1,这个只是底下会显示人名，其他没什么用,2024-11-08 16:59:10,"底下, 显示, 没什么",
0,好好好,2024-11-08 16:59:56,好好,
0,我在中超,2024-11-08 17:34:51,中超,
0,你需要什么吗,2024-11-08 17:34:56,需要,
0,我可以带回去,2024-11-08 17:35:00,带回去,
1,明晚吃拌饭吗,2024-11-08 17:35:10,"明晚, 吃, 拌, 饭",
0,我买了韩式辣酱,2024-11-08 17:37:31,"买, 韩式, 辣酱",
1,你不用买,2024-11-08 17:37:43,"不用, 买",
1,带包豆芽就行,2024-11-08 17:37:49,"带包, 豆芽, 就行",
0,明天可以顺便喝韩式酱汤,2024-11-08 17:40:04,"顺便, 喝, 韩式, 酱汤",
0,我再买块豆腐吧,2024-11-08 17:40:12,"买块, 豆腐",
0,你的酱够吗,2024-11-08 17:40:24,酱够,
1,够的,2024-11-08 17:40:32,够,
0,你吃年糕吗,2024-11-08 17:40:35,"吃, 年糕",
1,吃,2024-11-08 17:40:41,吃,
1,[亲亲][亲亲][亲亲],2024-11-08 17:41:13,,"[亲亲], [亲亲], [亲亲]"
0,[亲亲][亲亲][亲亲],2024-11-08 17:42:11,,"[亲亲], [亲亲], [亲亲]"
0,要不要吃咖喱饭,2024-11-08 17:46:01,"不要, 吃, 咖喱饭",
0,我先买了屯着,2024-11-08 17:46:11,"先买, 屯",
1,我这有咖喱,2024-11-08 17:46:22,咖喱,
1,中超买了还没做,2024-11-08 17:46:37,"中超, 买",
0,下周吃,2024-11-08 17:47:06,"下周, 吃",
0,[亲亲][亲亲][亲亲],2024-11-08 17:47:08,,"[亲亲], [亲亲], [亲亲]"
1,[亲亲][亲亲][亲亲],2024-11-08 17:47:20,,"[亲亲], [亲亲], [亲亲]"
0,晚上吃啥,2024-11-08 19:03:09,吃,
0,我看看[让我看看],2024-11-08 19:03:18,看看,[看看]
1,还没做好,2024-11-08 19:03:33,做好,
1,你吃什么,2024-11-08 19:03:36,吃,
0,麦片吧,2024-11-08 19:03:44,麦片,
0,懒得做饭,2024-11-08 19:03:50,"懒得, 做饭",
1,怎么就吃麦片,2024-11-08 19:03:53,"吃, 麦片",
0,挺好吃的啊,2024-11-08 19:04:09,挺好吃,
1,确实,2024-11-08 19:04:16,确实,
1,但是明天早上你吃什么,2024-11-08 19:04:26,吃,
0,吐司面包吧,2024-11-08 19:04:37,吐司面包,
1,果酱还在你那，你吃,2024-11-08 19:05:18,"果酱, 吃",
0,怎么胡萝卜还有雕花啊,2024-11-08 19:14:55,"胡萝卜, 雕花",
0,香香都,2024-11-08 19:15:11,香香,
1,确实香,2024-11-08 19:15:37,"确实, 香",
1,明天去leclerc再买两袋,2024-11-08 19:15:48,"leclerc, 买, 两袋",
1,我在图书馆一楼,2024-11-13 17:12:07,"图书馆, 一楼",
1,就是一进来这层,2024-11-13 17:16:52,"进来, 这层",
0,我进来了,2024-11-13 17:18:03,进来,
1,[亲亲][亲亲][亲亲],2024-11-13 20:33:56,,"[亲亲], [亲亲], [亲亲]"
0,你都在教他们什么啊,2024-11-13 21:30:20,教,
1,你周五去，我跟着你,2024-11-14 10:18:54,"周五, 跟着",
0,懒得做饭,2024-11-14 10:19:05,"懒得, 做饭",
1,中午吃什么,2024-11-14 11:14:20,吃,
0,一点才下课呢,2024-11-14 11:15:40,下课,
0,你吃啥,2024-11-14 11:15:55,吃,
1,吃crous,2024-11-14 11:17:30,"吃, crous",
1,你要吃我可以等你,2024-11-14 11:17:38,吃,
0,算啦，我得回去给电脑充电,2024-11-14 11:21:18,"算啦, 回去, 电脑, 充电",
0,[亲亲][亲亲][亲亲],2024-11-14 11:25:38,,"[亲亲], [亲亲], [亲亲]"
1,[亲亲][亲亲][亲亲],2024-11-14 11:32:00,,"[亲亲], [亲亲], [亲亲]"
0,本来以为角色扮演一下就行了,2024-11-14 14:37:51,"角色扮演, 就行了",
0,怎么还有考试啊,2024-11-14 14:38:11,考试,
1,怎么又突袭,2024-11-14 14:38:51,突袭,
0,饿晕了,2024-11-14 18:35:22,饿晕,
1,[亲亲][亲亲][亲亲],2024-11-14 18:38:58,,"[亲亲], [亲亲], [亲亲]"
1,正在吃饭,2024-11-14 18:39:03,吃,
0,好好好,2024-11-14 18:45:45,好好,
0,吃啥呢,2024-11-14 18:45:53,吃,
1,白人饭,2024-11-14 18:49:32,"白人, 饭",
1,更想吃唇膏,2024-11-14 18:50:20,"更想, 吃, 唇膏",
0,不儿,2024-11-14 18:50:36,不儿,
0,好好学,2024-11-14 18:51:05,好好学,
0,明天老师给你开小课亲自辅导,2024-11-14 18:51:27,"老师, 开小课, 亲自, 辅导",
1,睡了吗,2024-11-14 23:54:11,睡,
0,下辈子嫁给面包,2024-11-16 11:23:06,"下辈子, 嫁给, 面包",
1,嫁给面包你还吃它吗,2024-11-16 11:37:54,"嫁给, 面包, 吃",
0,包吃的,2024-11-16 12:59:44,包吃,
0,嫁给永远吃不完的面包🥖,2024-11-16 12:59:57,"嫁给, 永远, 吃不完, 面包",
1,打电话,2024-11-16 13:01:12,打电话,
1,家乐福,2024-11-16 13:01:15,家乐福,
0,好好好,2024-11-16 13:06:32,好好,
0,我刚交完,2024-11-16 13:06:42,"我刚, 交完",
1,到家了,2024-11-17 21:11:32,到家,
1,夜宵阳春面,2024-11-17 22:19:56,"夜宵, 阳春面",
1,香,2024-11-17 22:19:58,香,
1,这挂面蛮好吃的,2024-11-17 22:20:09,"挂面, 好吃",
0,好好好,2024-11-17 22:25:06,好好,
0,宝宝你忘记拿你的围巾和巧克力了,2024-11-17 22:25:21,"宝宝, 忘记, 围巾, 巧克力",
1,下次拿围巾,2024-11-17 22:25:44,围巾,
1,巧克力放你那吃吧,2024-11-17 22:25:53,"巧克力, 吃",
0,那不行,2024-11-17 22:26:17,不行,
0,人家送你的生日礼物,2024-11-17 22:26:24,"送, 生日礼物",
1,我吃不了,2024-11-17 22:26:38,"吃, 不了",
1,一起吃,2024-11-17 22:26:42,"一起, 吃",
0,小猫咪我要把你杀了,2024-11-17 22:42:55,"小猫咪, 杀",
0,这下穿不了低胸装了,2024-11-17 22:43:51,"这下, 穿, 不了, 低胸装",
1,没事的,2024-11-17 22:43:53,没事,
1,很小,2024-11-17 22:44:02,很小,
0,下次给你弄个大的,2024-11-17 22:44:40,弄,
1,[亲亲][亲亲][亲亲],2024-11-17 22:45:18,,"[亲亲], [亲亲], [亲亲]"
0,宝宝晚安,2024-11-17 23:44:09,"宝宝, 晚安",
1,晚安,2024-11-17 23:44:20,晚安,
0,[亲亲][亲亲][亲亲],2024-11-17 23:44:26,,"[亲亲], [亲亲], [亲亲]"
1,[亲亲][亲亲][亲亲],2024-11-17 23:44:32,,"[亲亲], [亲亲], [亲亲]"
1,早,2024-11-18 07:47:02,早,
0,早安,2024-11-18 08:38:50,早安,
0,在楼下面包店,2024-11-18 08:48:01,"楼下, 面包店",
0,我星期五3点回来拿吧,2024-11-18 09:04:26,"星期五, 回来",
0,出发了,2024-11-18 11:07:58,出发,
1,才出发,2024-11-18 11:08:06,出发,
0,素,2024-11-18 11:08:17,素,
0,下午两点吧应该,2024-11-18 11:08:35,两点,
1,别晕车,2024-11-18 11:09:10,晕车,
0,小猫咪我要把你亲死,2024-11-18 11:09:27,"小猫咪, 亲死",
1,昨晚睡得多吗,2024-11-18 11:10:31,"昨晚, 睡得",
0,玩到一两点吧,2024-11-18 11:11:06,"玩, 一两点",
0,你呢，昨晚睡的好吗,2024-11-18 11:11:30,"昨晚, 睡",
1,睡得好，不够睡,2024-11-18 11:15:16,"睡得, 不够, 睡",
0,早八人,2024-11-18 11:15:33,早八人,
1,对今天的饭很满意,2024-11-18 12:08:14,"饭, 满意",
0,鱼吗,2024-11-18 12:08:33,鱼,
0,看不出来是啥,2024-11-18 12:08:47,看不出来,
1,鱼,2024-11-18 12:28:22,鱼,
1,不过感觉没有比牛肉好吃很多,2024-11-18 12:28:56,"牛肉, 好吃",
0,到卢森堡了,2024-11-18 12:33:42,卢森堡,
0,Nancy下雨了吗,2024-11-18 15:43:59,"Nancy, 下雨",
1,天倒是一直很黑,2024-11-18 15:56:50,"天倒, 黑",
0,刚到酒店,2024-11-18 15:58:49,"刚到, 酒店",
0,但是它是一个小loft,2024-11-18 15:59:06,loft,
1,几个人一个房间,2024-11-18 15:59:20,房间,
1,哪个城市,2024-11-18 15:59:25,城市,
0,两个人一间，而且他有壁炉哎,2024-11-18 15:59:28,"一间, 壁炉",
0,维尔萨母,2024-11-18 15:59:49,"维尔, 萨母",
0,我都没听过,2024-11-18 15:59:54,听,
0,有两层,2024-11-18 16:00:54,两层,
0,我和曾陈依一间,2024-11-18 16:01:42,"曾, 陈依, 一间",
1,这是真柴火还是假的灯,2024-11-18 16:01:49,"柴火, 假, 灯",
1,okkk,2024-11-18 16:02:00,okkk,
0,灯吧,2024-11-18 16:02:04,灯,
1,谷歌上说周三要下雪,2024-11-18 16:02:34,"谷歌, 周三, 下雪",
0,不行啊,2024-11-18 16:02:40,不行,
0,不允许,2024-11-18 16:02:43,允许,
0,初雪的时候应该我们在一起的,2024-11-18 16:03:03,"初雪, 一起",
1,没事,2024-11-18 16:03:29,没事,
0,你有吃过曹氏吗,2024-11-18 16:05:21,"吃, 曹氏",
1,没吃过,2024-11-18 16:05:37,没吃过,
0,刚刚刷到，感觉好好吃哦,2024-11-18 16:05:38,"刷到, 好吃",
0,听说很辣,2024-11-18 16:05:45,"听说, 很辣",
1,辣椒精,2024-11-18 16:06:03,"辣椒, 精",
1,你吃辣不行,2024-11-18 16:06:20,"吃, 辣, 不行",
0,属于又菜又爱玩,2024-11-18 16:06:37,"属于, 菜, 爱玩",
1,爱玩好,2024-11-18 16:06:45,爱玩,
1,住这么多,2024-11-18 16:18:54,住,
0,一个屯儿,2024-11-18 16:20:18,屯儿,
0,P好了，可以当官宣图,2024-11-18 16:57:11,"当官, 宣图",
0,存吧,2024-11-18 16:57:20,存,
0,你看看有没有改进的地方我再改,2024-11-18 16:57:43,"看看, 有没有, 改进, 改",
1,好好好,2024-11-18 17:02:52,好好,
1,不用改,2024-11-18 17:02:58,"不用, 改",
0,这个可以当官宣视频,2024-11-18 17:05:24,"当官, 宣, 视频",
0,简直太完美了，都不用p,2024-11-18 17:05:36,"简直, 完美, 不用",
0,截一点就行,2024-11-18 17:05:56,"截, 就行",
0,终于回来了,2024-11-21 14:56:17,"终于, 回来",
0,我要睡觉回血,2024-11-21 14:56:25,"睡, 回血",
1,我也睡,2024-11-21 16:05:43,睡,
1,没睡着,2024-11-21 16:05:46,睡着,
1,但是很困,2024-11-21 16:05:50,很困,
1,下大雪了,2024-11-21 16:25:49,大雪,
0,醒了,2024-11-21 16:45:55,醒,
0,开始做饭了吗,2024-11-21 16:46:33,做饭,
1,马上开始,2024-11-21 16:48:25,马上,
0,[亲亲][亲亲][亲亲],2024-11-21 16:48:32,,"[亲亲], [亲亲], [亲亲]"
0,哇哇哇他跑到我腿上了,2024-11-21 18:13:55,"哇哇, 跑, 腿",
0,Zcy把我拍的像小土豆,2024-11-21 18:16:57,"Zcy, 拍, 小土豆",
1,大只抱小只,2024-11-21 18:21:19,抱,
1,宝宝你饭盒在哪,2024-11-21 18:21:32,"宝宝, 饭盒",
0,[亲亲][亲亲][亲亲],2024-11-21 18:21:41,,"[亲亲], [亲亲], [亲亲]"
0,你找找,2024-11-21 18:21:48,"找, 找",
0,柜子里,2024-11-21 18:21:50,柜子,
1,ok,2024-11-21 18:22:10,ok,
1,[亲亲][亲亲][亲亲],2024-11-21 18:22:16,,"[亲亲], [亲亲], [亲亲]"
1,我没找到大饭盒,2024-11-21 18:24:28,"找到, 饭盒",
0,小的是塑料的吧,2024-11-21 18:26:23,塑料,
0,柜子里你有看吗,2024-11-21 18:26:36,柜子,
0,想起来了,2024-11-21 18:26:40,起来,
0,饭盒在小轩那,2024-11-21 18:26:53,"饭盒, 小轩",
0,我们上次交换了饭盒和蛋糕模具,2024-11-21 18:27:24,"交换, 饭盒, 蛋糕, 模具",
1,我才发现,2024-11-21 18:33:15,发现,
1,晓轩又给了我一个更大的,2024-11-21 18:33:22,"晓轩, 更大",
0,好好好,2024-11-21 18:33:28,好好,
1,[得意],2024-11-21 18:35:24,,[得意]
0,不儿,2024-11-21 19:23:47,不儿,
0,你做的饭呢,2024-11-21 19:23:50,饭,
0,看着好好吃,2024-11-21 19:49:55,"看着, 好吃",
0,熟悉的餐具,2024-11-21 19:50:02,"熟悉, 餐具",
0,不儿，你不是擀面来着，怎么变米饭了,2024-11-21 19:57:14,"不儿, 擀面, 变, 米饭",
0,也是穿上36码的鞋了,2024-11-21 20:22:24,"穿, 码, 鞋",
1,回去再和你说,2024-11-21 21:08:44,回去,
1,要收拾好多,2024-11-21 21:08:51,收拾,
1,有人刷碗,2024-11-21 21:54:31,刷碗,
1,爽,2024-11-21 21:54:32,爽,
0,好好好,2024-11-21 21:54:49,好好,
0,保龄球🎳鞋,2024-11-21 21:55:03,"保龄球, 鞋",
1,耀祖,2024-11-21 21:55:49,耀祖,
1,面条是法国人擀的,2024-11-21 21:56:15,"面条, 法国人, 擀",
1,真挺好吃的,2024-11-21 21:56:25,挺好吃,
0,想你了能不能打电话呀,2024-11-21 21:56:29,"不能, 打电话",
1,他们第一次做，我感觉坨了，但是后来又变好吃了,2024-11-21 21:57:00,"第一次, 坨, 变, 好吃",
1,我待会回去了和你打？,2024-11-21 21:57:08,"我待会, 回去",
0,为啥不能现在打,2024-11-21 21:58:44,"为啥, 不能",
1,我在和耀祖走回去的路上,2024-11-21 22:05:02,"耀祖, 回去, 路上",
1,带耳机,2024-11-21 22:05:11,"带, 耳机",
0,那对他不太礼貌吧,2024-11-21 22:05:22,礼貌,
1,[亲亲][亲亲][亲亲],2024-11-21 22:05:29,,"[亲亲], [亲亲], [亲亲]"
0,你俩路上不得聊聊天,2024-11-21 22:05:30,"路上, 不得, 聊聊天",
0,寒暄寒暄,2024-11-21 22:05:46,"寒暄, 寒暄",
0,都二十分钟了还没到家呀,2024-11-21 22:27:16,"二十分钟, 没到, 家",
0,早早早,2024-11-22 08:02:48,"早早, 早",
0,得去打扫卫生了宝宝，下午见,2024-11-22 08:13:05,"打扫卫生, 宝宝, 见",
0,[亲亲][亲亲][亲亲],2024-11-22 08:13:20,,"[亲亲], [亲亲], [亲亲]"
1,点错了,2024-11-22 08:40:13,点错,
0,信号不好,2024-11-22 08:40:56,"信号, 不好",
0,在吃早餐,2024-11-22 08:41:36,"吃, 早餐",
1,看起来不错,2024-11-22 08:42:32,"看起来, 不错",
1,刚睡醒,2024-11-22 08:42:40,睡醒,
0,出发了,2024-11-22 10:14:08,出发,
1,好漂亮,2024-11-22 10:16:40,漂亮,
1,什么时候才能出去玩,2024-11-22 10:16:53,"才能, 出去玩",
0,去斯堡,2024-11-22 10:17:21,去斯堡,
0,玩,2024-11-22 10:17:25,玩,
0,下次到布鲁塞尔玩，这荒郊野岭的,2024-11-22 10:17:54,"布鲁塞尔, 玩, 荒郊, 野岭",
1,车票啥时候买,2024-11-22 10:20:04,"车票, 啥时候, 买",
0,今天回去看看,2024-11-22 10:20:12,"回去, 看看",
0,反正去斯堡啥时候都有,2024-11-22 10:20:23,"反正, 去斯堡, 啥时候",
1,看着很印度料理，还得放手上吃,2024-11-22 10:33:07,"看着, 印度, 料理, 放手, 吃",
1,但是是全场最好吃的,2024-11-22 10:33:18,"全场, 好吃",
0,哈哈哈哈干净又卫生,2024-11-22 10:34:03,"哈哈哈哈, 干净, 卫生",
0,绿色的是牛油果酱吗,2024-11-22 10:34:21,"绿色, 牛油果, 酱",
0,最后放的是啥，怎么感觉又甜又咸的,2024-11-22 10:34:40,"最后, 甜, 咸",
0,好有意思的感觉,2024-11-22 10:35:22,有意思,
1,底下是炸香蕉片，我看他们原材料是一种绿色的主食香蕉,2024-11-22 10:40:00,"底下, 炸, 香蕉, 片, 原材料, 一种, 绿色, 主食, 香蕉",
1,鸡丝 ，肉沫，牛油果酱，白色的不知道是啥，和小香肠,2024-11-22 10:40:42,"鸡丝, 肉沫, 牛油果, 酱, 白色, 香肠",
0,[色][色][色],2024-11-22 10:41:01,,"[色], [色], [色]"
1,黎巴嫩也做了鸡丝，跟肉松一样干，还死咸，一股糊味，还要配很刺激的酱,2024-11-22 10:41:33,"黎巴嫩, 鸡丝, 肉松, 干, 死咸, 一股, 糊味, 配, 刺激, 酱",
1,黎巴嫩真不好吃,2024-11-22 10:41:49,"黎巴嫩, 好吃",
0,他们作弊,2024-11-22 10:42:01,作弊,
0,你直接站到桌子上,2024-11-22 10:42:44,桌子,
1,巴西的这个豆子菜也蛮有意思的,2024-11-22 10:43:03,"巴西, 豆子, 菜, 蛮有意思",
0,然后说你要发起 révolution gourmand,2024-11-22 10:43:07,"发起, volution, gourmand",
1,看着像甜品,2024-11-22 10:43:10,"看着, 甜品",
0,原来这个小哥是巴西的,2024-11-22 10:43:33,"小哥, 巴西",
1,但是是菜，里面好像放了洋葱，比看着要好吃很多,2024-11-22 10:43:35,"菜, 洋葱, 看着, 好吃",
0,看着一般般,2024-11-22 10:43:56,"看着, 一般般",
1,2019年的时候去了北京上海,2024-11-22 10:44:03,"北京, 上海",
0,不爱吃豆子,2024-11-22 10:44:03,"不爱, 吃, 豆子",
0,好好好,2024-11-22 10:44:08,好好,
1,我也不爱吃,2024-11-22 10:44:08,"爱, 吃",
0,哈哈哈哈,2024-11-22 10:44:14,哈哈哈哈,
1,但是确实不错，配上猪排，鸡蛋和沙拉,2024-11-22 10:44:30,"确实, 不错, 配, 猪排, 鸡蛋, 沙拉",
0,每次吃那个甑糕都不让他给我放豆子,2024-11-22 10:44:37,"每次, 吃, 甑, 糕, 不让, 豆子",
1,然后另一组巴西队做的是咖喱和甜品,2024-11-22 10:44:51,"另一组, 巴西队, 咖喱, 甜品",
1,咖喱也蛮好吃的,2024-11-22 10:45:05,"咖喱, 好吃",
0,甜品好吃吗,2024-11-22 10:45:08,"甜品, 好吃",
0,有印度队吗,2024-11-22 10:45:13,"印度, 队",
0,对比一下咖喱,2024-11-22 10:45:19,"对比, 咖喱",
1,甜品齁嗓子，他们说他们的甜品比法国人甜,2024-11-22 10:45:37,"甜品, 齁, 嗓子, 甜品, 法国人, 甜",
1,我尝了下确实,2024-11-22 10:45:42,"我尝, 确实",
1,炼乳巧克力派啊家人们,2024-11-22 10:45:54,"炼乳, 巧克力, 派, 家, 人们",
1,刚尝还挺好，咽的时候真的齁,2024-11-22 10:46:15,"刚尝, 咽, 真的, 齁",
0,哈哈哈哈哈哈哈,2024-11-22 10:46:33,"哈哈哈哈, 哈哈哈",
0,低血糖吃一口从法国踢正步到拉萨,2024-11-22 10:46:34,"低血糖, 吃, 法国, 踢, 正步, 拉萨",
1,结果这一大盘还给法国人吃光了,2024-11-22 10:46:38,"这一, 大盘, 还给, 法国人, 吃光",
0,法国人耐甜,2024-11-22 10:47:04,"法国人, 耐甜",
1,黎巴嫩狠狠壁垒,2024-11-22 10:47:37,"黎巴嫩, 狠狠, 壁垒",
0,哈哈哈哈,2024-11-22 10:47:47,哈哈哈哈,
0,Kebab是不是黎巴嫩菜来着,2024-11-22 10:47:59,"Kebab, 是不是, 黎巴嫩, 菜来",
1,我外国同学和中国学长都说去黎巴嫩餐厅吃饭不好吃，吃不完,2024-11-22 10:48:09,"外国, 同学, 中国, 学长, 黎巴嫩, 餐厅, 吃, 好吃, 吃不完",
0,笑死,2024-11-22 10:48:20,笑死,
1,我自己两次了，次次踩雷,2024-11-22 10:48:21,"两次, 次次, 踩, 雷",
0,这辈子与黎巴嫩无缘,2024-11-22 10:48:50,"这辈子, 黎巴嫩, 无缘",
0,距离和宝宝见面还有两小时31分钟,2024-11-22 13:29:20,"距离, 宝宝, 见面, 两, 分钟",
1,你信箱里的,2024-11-22 14:24:35,信箱,
0,清源给我说了,2024-11-22 14:24:42,清源,
0,已到家,2024-11-22 14:24:54,"已到, 家",
1,这么快,2024-11-22 14:25:21,快,
0,可能因为下雪吧,2024-11-22 14:25:32,下雪,
1,[得意],2024-11-22 14:25:43,,[得意]
0,滑回来的,2024-11-22 14:25:51,"滑, 回来",
1,已逃课今天,2024-11-22 14:25:53,逃课,
0,哈哈哈哈哈,2024-11-22 14:25:55,哈哈哈,
0,你早上逃课啦？,2024-11-22 14:26:12,逃课,
1,老师说自己工作的下午3:30再来,2024-11-22 14:26:18,"老师, 工作, 再来",
1,然后我还有自己部门的作业,2024-11-22 14:26:28,"部门, 作业",
0,好好好,2024-11-22 14:26:34,好好,
1,今晚要交,2024-11-22 14:26:36,"今晚, 要交",
1,还有一个小时，啥也没准备,2024-11-22 14:26:44,准备,
0,所以你的课改到3:30了,2024-11-22 14:26:49,"课, 改到",
0,那就现在开始准备,2024-11-22 14:26:58,准备,
0,我要b溃了,2024-11-22 14:52:34,溃,
0,回来想洗个澡，结果热水器好像坏了，全是凉水啊,2024-11-22 14:52:53,"回来, 洗个, 澡, 热水器, 坏, 全是, 凉水",
0,一个舟车劳顿的小女孩轻轻碎了,2024-11-22 14:53:13,"舟车劳顿, 小女孩, 轻轻, 碎",
1,我去做饭的时候就感觉有问题了,2024-11-22 14:53:17,"做饭, 问题",
1,我们把热水器开了，但是还不出热水,2024-11-22 14:53:35,"热水器, 不出, 热水",
0,冷冷的,2024-11-22 14:53:42,冷冷的,
1,回来的时候热水器又关掉了,2024-11-22 14:53:44,"回来, 热水器, 关掉",
1,cyy说没碰过热水器,2024-11-22 14:53:51,"cyy, 碰过, 热水器",
1,那昨天她们是怎么洗的,2024-11-22 14:54:01,洗,
0,解决了，我打电话给房东,2024-11-22 15:01:07,"解决, 打电话, 房东",
0,我到家啦,2024-11-23 22:29:05,家,
1,回来好早,2024-11-23 22:29:26,"回来, 早",
0,给我把明日香换了,2024-11-23 22:29:53,"明日香, 换",
0,[亲亲][亲亲][亲亲],2024-11-23 22:32:08,,"[亲亲], [亲亲], [亲亲]"
1,[亲亲][亲亲][亲亲],2024-11-23 22:33:01,,"[亲亲], [亲亲], [亲亲]"
0,宝宝早点睡,2024-11-23 22:33:58,"宝宝, 早点, 睡",
0,明天加油,2024-11-23 22:34:03,加油,
0,外面在打雷,2024-11-23 22:35:18,打雷,
0,不儿,2024-11-23 22:36:51,不儿,
1,早点睡,2024-11-23 22:36:55,"早点, 睡",
0,我的耳钉怎么又丢了一个,2024-11-23 22:37:01,"耳钉, 丢",
0,一摸怎么少一个,2024-11-23 22:37:20,一摸,
1,明天没有雨,2024-11-23 22:41:26,雨,
0,你转换头在我这,2024-11-23 22:48:10,转换头,
0,困了,2024-11-23 22:53:35,困了,
0,宝宝晚安💤,2024-11-23 22:53:45,"宝宝, 晚安",
0,晚上打雷不要害怕,2024-11-23 22:54:22,"打雷, 不要, 害怕",
0,[亲亲][亲亲][亲亲],2024-11-23 22:54:25,,"[亲亲], [亲亲], [亲亲]"
1,我本来就不怕啊[旺柴],2024-11-23 22:57:46,,[旺柴]
0,早上好,2024-11-24 08:06:57,早上好,
1,早,2024-11-24 08:29:15,早,
1,因为跑步，9:30到11:30到市中心没有公交,2024-11-24 09:32:09,"跑步, 市中心, 公交",
1,我不知道a线是不是也是这样,2024-11-24 09:32:16,"线, 是不是",
0,那你们去参加还得从自己家跑到市中心热身,2024-11-24 09:33:26,"家, 跑, 市中心, 热身",
1,我去的早，学校要合影,2024-11-24 09:33:41,"早, 学校, 合影",
0,好好好,2024-11-24 09:33:46,好好,
0,我要看合影,2024-11-24 09:33:52,合影,
0,人多吗,2024-11-24 09:33:57,人多,
1,那得等学校发,2024-11-24 09:34:08,"那得, 学校",
1,今年人多,2024-11-24 09:34:13,人多,
0,那你们怎么去市中心,2024-11-24 09:35:02,市中心,
1,公交车上不少老头老太,2024-11-24 09:35:06,"公交车, 老头, 老太",
0,学校大巴吗,2024-11-24 09:35:07,"学校, 大巴",
1,准备去跑步,2024-11-24 09:35:12,"准备, 跑步",
1,我坐公交,2024-11-24 09:35:16,公交,
1,这是从这个点不发车了吧,2024-11-24 09:35:33,发车,
0,天天看他们跑,2024-11-24 09:36:03,跑,
0,冷不冷,2024-11-24 09:53:23,冷不冷,
0,跑步的时候外套要怎么办啊,2024-11-24 09:54:01,"跑步, 外套",
1,他们说有个房间可以放东西,2024-11-24 09:54:33,房间,
1,不冷今天,2024-11-24 09:54:39,不冷,
0,一定要注意安全,2024-11-24 09:54:56,"一定, 注意安全",
0,看着脚下,2024-11-24 09:55:03,"看着, 脚下",
0,跑慢一点没关系,2024-11-24 09:56:23,"跑, 慢, 没关系",
1,好好好,2024-11-24 09:57:35,好好,
1,[亲亲],2024-11-24 09:57:38,,[亲亲]
0,[亲亲][亲亲][亲亲],2024-11-24 09:57:56,,"[亲亲], [亲亲], [亲亲]"
1,这群法国人看起来zei专业,2024-11-24 10:07:05,"这群, 法国人, 看起来, zei, 专业",
1,[旺柴],2024-11-24 10:07:14,,[旺柴]
0,哈哈哈哈,2024-11-24 11:14:10,哈哈哈哈,
0,差生文具多,2024-11-24 11:14:20,"差生, 文具",
1,结束了,2024-11-24 11:35:23,结束,
0,棒棒棒,2024-11-24 11:43:23,"棒棒, 棒",
0,累坏了吧，回来睡一觉,2024-11-24 11:45:27,"累坏, 回来, 睡一觉",
1,我先回家了，下午去吃饭,2024-11-24 11:49:55,"我先, 回家, 吃",
0,我刚问cxx她没回我,2024-11-24 11:50:26,"我刚, cxx, 没回",
0,Ok,2024-11-24 11:50:52,Ok,
1,我可以来早点,2024-11-24 11:50:52,早点,
1,洗过澡来你家睡,2024-11-24 11:51:01,"洗过澡, 你家, 睡",
0,好好好,2024-11-24 11:51:06,好好,
0,洗香香,2024-11-24 11:51:13,"洗, 香香",
0,[亲亲][亲亲][亲亲],2024-11-24 11:51:15,,"[亲亲], [亲亲], [亲亲]"
1,等不到公交回来,2024-11-24 12:14:34,"不到, 公交, 回来",
1,最近一班23分钟还不一定来,2024-11-24 12:14:56,"一班, 分钟, 一定",
0,公交线还没通？,2024-11-24 12:15:03,"公交线, 没通",
1,市中心，广场这一站,2024-11-24 12:15:30,"市中心, 广场, 一站",
0,那还是挺远的,2024-11-24 12:15:40,挺远,
0,附近有自行车吗,2024-11-24 12:15:49,"附近, 自行车",
1,回去自行车上坡骑不动,2024-11-24 12:16:46,"回去, 自行车, 上坡, 骑不动",
0,到我家也是上坡吗,2024-11-24 12:17:02,"我家, 上坡",
1,是上坡,2024-11-24 12:24:16,上坡,
0,还没等到吗,2024-11-24 12:24:40,等到,
1,法国人一个个不穿羽绒服来跑步,2024-11-24 12:24:56,"法国人, 一个个, 穿, 羽绒服, 跑步",
1,现在缩成鹌鹑了,2024-11-24 12:25:05,"缩成, 鹌鹑",
0,哈哈哈哈,2024-11-24 12:25:20,哈哈哈哈,
1,上车了,2024-11-24 12:36:34,上车,
0,到家了吗,2024-11-24 13:01:21,到家,
1,到家了,2024-11-24 13:03:18,到家,
1,午餐肉和大蒜买了吗,2024-11-24 13:03:38,"午餐肉, 大蒜, 买",
0,好好吃哦,2024-11-24 13:03:39,好吃,
0,我刚去家乐福买了蒜，口蘑，生菜，coca zero,2024-11-24 13:03:58,"我刚, 家乐福, 买, 蒜, 口蘑, 生菜, coca, zero",
0,没找到午餐肉,2024-11-24 13:04:08,"找到, 午餐肉",
1,我带午餐肉,2024-11-24 13:31:45,"我带, 午餐肉",
1,现在去你家,2024-11-24 14:10:28,你家,
0,一眼就看到了,2024-11-24 15:33:55,一眼,
0,宝宝真漂亮,2024-11-24 15:34:04,"宝宝, 漂亮",
1,[旺柴],2024-11-24 15:35:16,,[旺柴]
1,剩下的鸡腿放冰箱吗,2024-11-24 15:35:19,"剩下, 鸡腿, 冰箱",
0,放不下就先放chambre 4 吧,2024-11-24 15:36:43,"放不下, 先放, chambre",
0,中午吃啥,2024-11-25 12:20:11,吃,
1,晚上回去再吃,2024-11-25 12:49:36,"回去, 吃",
1,没空吃,2024-11-25 12:49:39,"没空, 吃",
